Trip1,Trip2,Close,PhaseA,PhaseB,PhaseC,Contact
0,2208,2254,2114,-24,11,0
-32768,2192,2254,2116,-43,13,13
4608,2196,2235,2113,3,-16,-1
2172,2219,2081,459,-8,-466,-6
2163,2219,2083,462,27,-485,0
2163,2222,2114,467,-13,-479,5
2165,2225,2118,465,10,-473,0
2163,2230,2111,461,17,-472,0
2178,2227,2095,451,4,-470,0
2159,2236,2097,443,22,-472,0
2134,2233,2084,447,-5,-462,0
2168,2251,2070,448,-8,-479,0
2163,2236,2082,451,9,-471,0
2179,2220,2125,454,-9,-462,0
2180,2225,2097,446,-12,-467,0
2166,2223,2086,459,8,-470,0
2174,2236,2085,445,16,-469,0
2169,2226,2088,461,0,-470,0
2151,2240,2085,467,-19,-467,0
2174,2239,2085,459,-1,-454,0
2169,2237,2084,431,6,-463,0
2174,2266,2097,446,19,-452,0
2169,2244,2103,461,3,-456,0
2192,2244,2090,456,0,-459,0
2166,2244,2092,455,17,-456,0
2167,2263,2091,449,6,-453,0
2167,2249,2103,457,-8,-458,0
2176,2232,2114,457,-1,-463,0
2178,2240,2109,451,22,-452,0
2173,2225,2099,449,22,-460,0
2176,2231,2108,447,7,-448,0
2161,2242,2092,453,10,-456,0
2161,2248,2103,445,-1,-449,0
2163,2239,2123,437,10,-453,0
2166,2236,2106,453,-6,-458,0
2183,2224,2121,454,-27,-454,0
2176,2241,2118,437,-15,-448,0
2165,2237,2103,450,10,-442,0
2161,2256,2087,447,16,-440,0
2166,2270,2106,439,-19,-445,0
2159,2276,2100,433,-16,-437,0
2145,2251,2118,435,-8,-421,0
2143,2242,2108,434,5,-463,0
2153,2239,2101,435,6,-449,0
2146,2218,2100,435,7,-447,0
2162,2222,2079,433,-12,-440,0
2161,2232,2097,443,-14,-441,0
2174,2242,2077,429,-2,-442,0
2155,2220,2076,430,5,-446,0
2188,2238,2069,433,10,-442,0
2165,2237,2069,437,1,-459,0
2182,2223,2081,432,-16,-452,0
2185,2225,2091,430,11,-438,0
2165,2238,2085,436,-3,-451,0
2174,2241,2078,430,-8,-447,0
2155,2241,2089,436,-22,-453,0
2173,2232,2068,427,4,-448,0
2171,2243,2079,425,6,-444,0
2173,2230,2081,432,-5,-446,0
2176,2242,2056,417,-14,-447,0
2162,2229,2059,444,8,-443,0
2162,2203,2061,440,34,-456,0
2177,2214,2086,436,-9,-439,0
2173,2201,2077,424,-8,-443,0
2165,2225,2074,413,-18,-426,0
2174,2227,2074,421,4,-418,0
2193,2223,2085,421,10,-419,0
2207,2222,2081,417,4,-438,0
2200,2220,2098,426,-5,-438,0
2205,2214,2101,431,-4,-446,0
2196,2215,2090,414,17,-422,0
2183,2213,2085,415,9,-437,0
2168,2231,2073,422,-10,-437,0
2156,2208,2082,416,-8,-435,0
2165,2214,2077,441,1,-429,0
2158,2199,2093,419,12,-432,0
2171,2203,2094,413,3,-416,0
2169,2212,2089,440,-6,-427,0
2167,2234,2081,416,-6,-408,0
2157,2230,2108,411,22,-418,0
2163,2227,2099,410,12,-426,0
2171,2253,2088,422,-9,-435,0
2144,2226,2079,421,-13,-422,0
2178,2216,2079,413,-5,-414,0
2172,2217,2066,413,17,-427,0
2163,2196,2079,405,6,-424,0
2155,2183,2069,402,-11,-421,0
2159,2207,2089,404,2,-421,0
2181,2211,2089,411,31,-426,0
2167,2201,2090,417,8,-424,0
2163,2233,2060,401,-3,-415,0
2167,2231,2070,411,-9,-422,0
2153,2216,2103,402,5,-416,0
2146,2230,2091,405,15,-402,0
2157,2236,2108,401,5,-405,0
2158,2229,2100,393,-20,-418,0
2180,2221,2117,390,12,-406,0
2163,2211,2105,405,9,-427,0
2175,2220,2102,407,15,-428,0
2174,2237,2093,396,-18,-427,0
2177,2229,2091,414,-10,-433,0
2179,2226,2109,403,-1,-419,0
2181,2227,2101,404,-1,-420,0
2170,2241,2084,401,0,-414,0
2181,2245,2096,396,12,-413,0
2184,2239,2112,408,1,-408,0
2163,2226,2117,409,-17,-420,0
2169,2235,2102,401,-26,-401,0
2161,2212,2082,387,0,-402,0
2173,2224,2110,394,15,-427,0
2169,2225,2077,390,10,-398,0
2155,2215,2077,399,-14,-410,0
2140,2222,2092,397,-9,-388,0
2168,2232,2078,377,3,-396,0
2157,2219,2089,396,-7,-404,0
2158,2217,2091,388,-31,-403,0
2184,2231,2062,381,5,-398,0
2150,2247,2077,389,6,-407,0
2155,2245,2082,389,-4,-404,0
2161,2231,2098,386,-4,-401,0
2142,2252,2099,379,6,-400,0
2155,2235,2099,377,15,-408,0
2150,2238,2064,386,-16,-384,0
2153,2240,2082,388,1,-395,0
2162,2249,2088,382,4,-413,0
2161,2247,2081,391,-4,-395,0
2156,2239,2083,392,-3,-387,0
2170,2239,2087,377,8,-375,0
2184,2215,2099,394,20,-411,0
2195,2225,2102,384,-5,-380,0
2173,2225,2095,387,-27,-388,0
2189,2232,2089,386,3,-397,0
2181,2217,2106,382,-2,-393,0
2179,2226,2101,377,3,-395,0
2199,2233,2110,383,17,-398,0
2213,2227,2096,381,-18,-397,0
2196,2224,2077,395,19,-393,0
2168,2225,2081,389,-20,-386,0
2157,2235,2085,389,-5,-386,0
2174,2243,2105,375,-14,-388,0
2168,2246,2090,380,9,-385,0
2166,2242,2088,379,2,-403,0
2173,2246,2070,387,-15,-374,0
2160,2217,2071,369,-6,-386,0
2170,2223,2087,367,9,-386,0
2176,2237,2104,377,3,-380,0
2178,2243,2103,355,-15,-392,0
2182,2265,2109,379,4,-393,0
2166,2246,2123,363,20,-387,0
2174,2239,2136,373,-4,-387,0
2156,2222,2100,372,-6,-385,0
2147,2233,2085,364,-3,-385,0
2142,2230,2104,373,10,-363,0
2144,2211,2106,374,-24,-371,0
2139,2227,2111,356,0,-392,0
2159,2231,2094,375,-13,-382,0
2171,2228,2090,362,4,-383,0
2154,2247,2101,366,13,-382,0
2158,2228,2112,357,-17,-398,0
2162,2255,2133,364,19,-386,0
2156,2255,2108,361,4,-380,0
2170,2257,2119,373,-17,-376,0
2153,2239,2117,354,-7,-384,0
2163,2264,2093,373,-1,-385,0
2189,2265,2123,357,8,-380,0
2164,2273,2107,361,7,-382,0
2164,2279,2086,367,-5,-382,0
2172,2263,2078,354,12,-374,0
2165,2258,2080,366,2,-379,0
2164,2272,2088,361,12,-369,0
2177,2265,2089,362,-5,-374,0
2171,2253,2073,356,-18,-369,0
2174,2252,2076,357,9,-365,0
2173,2249,2060,355,-5,-361,0
2152,2249,2067,361,9,-374,0
2147,2252,2077,353,0,-368,0
2149,2240,2064,351,18,-373,0
2147,2212,2073,351,6,-341,0
2166,2244,2100,357,-24,-362,0
2171,2229,2107,347,-8,-372,0
2168,2225,2112,349,18,-382,0
2179,2235,2106,360,1,-363,0
2175,2247,2113,347,-3,-370,0
2198,2236,2093,367,3,-380,0
2195,2238,2081,374,-1,-361,0
2209,2245,2079,350,7,-377,0
2201,2237,2084,360,9,-366,0
2211,2247,2097,353,-14,-366,0
2192,2245,2104,350,-9,-368,0
2188,2248,2097,359,-10,-354,0
2185,2244,2096,348,17,-346,0
2153,2239,2086,346,-9,-365,0
2179,2233,2095,339,-7,-343,0
2171,2231,2096,336,17,-339,0
2159,2229,2091,336,8,-353,0
2167,2237,2091,337,-13,-352,0
2160,2225,2096,354,-12,-360,0
2159,2232,2115,354,-7,-350,0
2169,2224,2108,343,12,-345,0
2157,2246,2096,341,6,-354,0
2153,2223,2097,332,-19,-365,0
2160,2234,2116,340,-11,-347,0
2184,2248,2122,347,0,-346,0
2179,2249,2087,337,-24,-359,0
2168,2213,2074,338,-25,-354,0
2179,2204,2074,344,-2,-346,0
2170,2221,2105,342,27,-353,0
2196,2230,2082,353,13,-357,0
2182,2224,2080,345,-8,-354,0
2200,2232,2093,348,-22,-358,0
2168,2236,2089,325,6,-358,0
2156,2230,2100,337,13,-342,0
2179,2228,2103,345,-12,-348,0
2157,2219,2100,331,-25,-349,0
2169,2232,2089,336,5,-356,0
2150,2238,2099,345,25,-355,0
2148,2241,2090,343,4,-352,0
2164,2232,2102,339,-4,-355,0
2152,2228,2109,332,7,-357,0
2159,2240,2092,330,8,-338,0
2151,2214,2103,339,8,-342,0
2149,2221,2088,318,-11,-341,0
2153,2216,2106,323,-5,-360,0
2168,2227,2111,325,7,-332,0
2174,2236,2120,342,31,-351,0
2172,2210,2128,327,6,-350,0
2146,2212,2103,334,-8,-354,0
2143,2221,2108,325,11,-345,0
2175,2205,2111,328,9,-345,0
2190,2192,2105,327,12,-348,0
2189,2194,2093,345,-7,-331,0
2179,2207,2113,326,-16,-334,0
2180,2210,2091,315,-13,-334,0
2183,2215,2095,331,-1,-344,0
2178,2201,2070,338,5,-334,0
2174,2219,2087,311,0,-333,0
2169,2200,2104,333,16,-328,0
2168,2213,2116,338,27,-336,0
2181,2198,2100,328,31,-330,0
2171,2192,2098,334,17,-343,0
2149,2214,2083,316,5,-334,0
2155,2229,2091,320,-10,-326,0
2156,2233,2116,321,9,-337,0
2164,2238,2092,324,1,-325,0
2160,2228,2109,330,-14,-343,0
2156,2220,2100,314,6,-337,0
2158,2220,2090,317,7,-326,0
2129,2237,2099,310,27,-335,0
2162,2237,2101,323,-3,-330,0
2155,2228,2119,308,-16,-329,0
2170,2219,2105,321,-7,-329,0
2179,2224,2099,320,9,-339,0
2170,2240,2119,315,2,-327,0
2168,2234,2131,318,-1,-325,0
2188,2230,2122,322,4,-321,0
2155,2217,2117,322,8,-344,0
2159,2239,2094,328,1,-344,0
2176,2241,2098,323,-16,-340,0
2157,2244,2116,301,-25,-332,0
2179,2229,2074,312,3,-322,0
2175,2230,2097,321,18,-331,0
2175,2260,2087,311,7,-317,0
2179,2243,2105,310,-7,-325,0
2166,2259,2097,313,9,-332,0
2176,2258,2097,300,3,-312,0
2170,2244,2081,315,-14,-300,0
2171,2254,2119,305,-5,-313,0
2182,2248,2090,319,-12,-334,0
2181,2219,2087,308,9,-332,0
2196,2233,2086,300,15,-332,0
2181,2238,2081,309,-9,-316,0
2159,2238,2087,303,-19,-327,0
2159,2230,2094,312,0,-334,0
2181,2247,2099,315,3,-324,0
2174,2240,2082,316,-16,-306,0
2174,2243,2082,303,-15,-316,0
2168,2259,2095,325,-10,-319,0
2160,2235,2091,293,3,-299,0
2165,2240,2093,301,14,-325,0
2154,2221,2089,299,-6,-323,0
2165,2241,2095,314,-2,-321,0
2172,2239,2099,302,-1,-310,0
2182,2231,2113,296,17,-321,0
2179,2236,2124,297,8,-313,0
2173,2243,2115,293,-1,-315,0
2184,2248,2096,300,-9,-307,0
2183,2244,2118,309,9,-327,0
2197,2230,2123,309,8,-294,0
2175,2225,2112,293,8,-316,0
2175,2236,2107,298,-19,-318,0
2187,2236,2105,305,11,-310,0
2182,2241,2099,296,5,-308,0
2186,2225,2081,296,-11,-317,0
2159,2245,2088,305,0,-326,0
2179,2244,2103,303,2,-310,0
2184,2251,2095,279,6,-315,0
2183,2244,2101,300,-10,-311,0
2179,2224,2111,294,1,-295,0
2175,2246,2112,289,-4,-309,0
2162,2236,2120,290,-13,-302,0
2157,2240,2129,276,4,-313,0
2154,2234,2127,306,25,-310,0
2165,2246,2109,282,7,-295,0
2179,2249,2098,291,-1,-313,0
2168,2262,2109,290,3,-306,0
2164,2257,2091,296,11,-310,0
2176,2266,2090,289,8,-296,0
2151,2263,2085,292,-2,-305,0
2166,2269,2076,293,-10,-305,0
2162,2269,2081,298,-11,-301,0
2166,2264,2087,289,19,-314,0
2171,2265,2095,287,-2,-307,0
2170,2264,2094,296,-20,-293,0
2167,2274,2082,285,1,-299,0
2166,2255,2094,300,6,-296,0
2163,2246,2106,284,-5,-305,0
2172,2243,2086,286,-3,-297,0
2163,2233,2089,277,-3,-295,0
2182,2225,2090,302,19,-316,0
2194,2230,2095,286,1,-284,0
2173,2204,2104,260,-1,-292,0
2160,2208,2086,274,-14,-287,0
2174,2211,2091,285,0,-300,0
2161,2203,2090,290,12,-287,0
2163,2207,2084,279,-1,-297,0
2158,2222,2072,277,-29,-300,0
2184,2235,2114,290,11,-290,0
2167,2241,2101,285,11,-305,0
2171,2243,2112,275,-3,-285,0
2173,2234,2112,280,-7,-286,0
2158,2239,2107,291,20,-290,0
2161,2237,2105,270,12,-288,0
2169,2226,2093,279,-1,-297,0
2157,2217,2103,279,-42,-296,0
2164,2249,2088,278,-3,-291,0
2186,2230,2086,272,25,-294,0
2161,2218,2094,280,7,-295,0
2175,2215,2098,271,-2,-285,0
2171,2221,2102,275,0,-289,0
2186,2234,2105,279,1,-289,0
2168,2237,2105,274,18,-282,0
2175,2248,2122,279,3,-279,0
2174,2228,2109,288,-10,-277,0
2184,2226,2102,283,-9,-276,0
2180,2231,2101,282,5,-285,0
2170,2225,2114,269,-9,-301,0
2172,2222,2120,262,-26,-293,0
2165,2246,2091,278,8,-288,0
2162,2237,2078,282,13,-296,0
2171,2234,2115,263,-32,-297,0
2175,2235,2103,272,-25,-282,0
2210,2225,2088,261,5,-279,0
2204,2230,2084,268,8,-276,0
2193,2230,2095,270,-17,-289,0
2190,2207,2105,275,6,-269,0
2188,2203,2116,258,15,-288,0
2191,2220,2105,275,-3,-288,0
2189,2242,2096,266,-23,-281,0
2174,2231,2105,274,-1,-271,0
2184,2240,2100,273,15,-284,0
2179,2229,2110,268,-7,-276,0
2184,2236,2107,254,1,-273,0
2178,2231,2102,265,19,-290,0
2186,2236,2123,264,14,-278,0
2181,2226,2091,262,-20,-278,0
2167,2244,2080,276,7,-283,0
2179,2251,2096,271,-13,-273,0
2157,2234,2110,267,-16,-256,0
2167,2214,2099,266,2,-281,0
2168,2245,2086,280,1,-267,0
2179,2213,2088,264,-25,-260,0
2166,2233,2088,253,0,-261,0
2184,2236,2091,268,3,-286,0
2162,2211,2094,250,18,-283,0
2173,2236,2093,271,-6,-258,0
2186,2229,2078,264,8,-271,0
2185,2226,2081,262,8,-268,0
2174,2221,2075,265,-12,-267,0
2173,2207,2067,266,-11,-277,0
2157,2203,2095,260,-13,-255,0
2154,2200,2094,253,24,-265,0
2173,2213,2083,256,18,-284,0
2183,2216,2078,262,-2,-285,0
2165,2227,2056,260,-3,-267,0
2194,2211,2083,271,10,-276,0
2194,2206,2106,262,1,-259,0
2187,2214,2076,274,-13,-278,0
2186,2216,2083,262,-19,-262,0
2165,2224,2064,260,-6,-268,0
2170,2236,2076,251,13,-279,0
2148,2240,2088,250,3,-275,0
2157,2241,2098,250,-5,-271,0
2169,2234,2096,238,7,-278,0
2175,2223,2093,242,-1,-264,0
2164,2229,2103,236,-14,-257,0
2177,2235,2102,241,0,-281,0
2158,2273,2069,260,4,-270,0
2179,2263,2068,245,-7,-252,0
2168,2252,2090,233,12,-262,0
2173,2258,2085,256,5,-265,0
2175,2246,2101,238,-19,-265,0
2164,2259,2095,261,-11,-261,0
2177,2260,2087,230,-12,-264,0
2169,2251,2082,242,13,-265,0
2166,2246,2084,250,13,-258,0
2159,2236,2083,249,25,-267,0
2183,2240,2084,263,0,-248,0
2188,2237,2078,251,0,-256,0
2160,2249,2080,237,10,-258,0
2175,2251,2109,251,9,-263,0
2191,2248,2083,242,-7,-262,0
2175,2250,2110,245,5,-261,0
2173,2234,2097,247,17,-255,0
2175,2247,2098,239,-2,-265,0
2169,2229,2107,236,-8,-246,0
2171,2241,2096,244,-17,-262,0
2164,2249,2083,249,0,-261,0
2151,2224,2120,248,19,-259,0
2153,2233,2097,235,1,-253,0
2150,2235,2093,240,-18,-254,0
2152,2234,2103,243,-15,-260,0
2171,2240,2117,236,-3,-255,0
2174,2246,2113,237,3,-236,0
2151,2233,2118,242,-5,-250,0
2152,2219,2103,249,-16,-247,0
2162,2228,2115,252,-1,-266,0
2155,2214,2123,240,7,-257,0
2152,2200,2112,254,1,-262,0
2145,2206,2104,244,-10,-239,0
2158,2205,2094,235,-1,-247,0
2174,2219,2095,256,0,-252,0
2171,2233,2096,231,6,-241,0
2182,2210,2085,241,-3,-250,0
2172,2207,2104,242,-15,-240,0
2185,2199,2106,244,4,-262,0
2163,2204,2093,223,14,-233,0
2166,2202,2110,242,-6,-253,0
2156,2230,2105,252,0,-255,0
2145,2219,2107,248,-5,-251,0
2154,2229,2105,244,19,-246,0
2143,2211,2116,236,26,-241,0
2177,2226,2096,238,13,-262,0
2157,2211,2113,239,-5,-265,0
2179,2231,2095,234,-8,-257,0
2166,2240,2089,231,7,-254,0
2167,2244,2074,245,19,-261,0
2161,2245,2093,241,2,-245,0
2163,2238,2115,223,-25,-257,0
2152,2231,2075,208,7,-231,0
2174,2241,2107,219,0,-230,0
2173,2237,2077,231,-15,-237,0
2158,2239,2087,230,0,-239,0
2160,2246,2081,226,3,-242,0
2163,2251,2077,227,10,-234,0
2180,2239,2081,223,1,-237,0
2176,2224,2074,225,3,-235,0
2189,2231,2077,221,4,-245,0
2166,2228,2084,240,4,-232,0
2161,2233,2104,223,-11,-226,0
2146,2225,2093,229,6,-240,0
2139,2207,2104,234,12,-242,0
2165,2234,2083,228,4,-246,0
2172,2239,2095,228,-9,-230,0
2181,2249,2085,216,-7,-217,0
2180,2248,2102,230,16,-250,0
2157,2241,2106,243,1,-251,0
2185,2240,2096,240,-23,-237,0
2188,2254,2092,233,-22,-247,0
2191,2236,2079,217,26,-240,0
2187,2247,2090,220,0,-240,0
2175,2275,2082,223,-12,-245,0
2180,2271,2092,214,-5,-242,0
2193,2257,2091,224,2,-226,0
2196,2272,2094,216,0,-222,0
2182,2246,2062,228,-6,-237,0
2179,2244,2097,228,-7,-227,0
2188,2224,2107,223,-16,-246,0
2191,2221,2102,219,-17,-231,0
2169,2210,2101,228,15,-233,0
2161,2236,2094,208,-14,-231,0
2172,2224,2100,213,-13,-236,0
2184,2230,2082,206,4,-235,0
2164,2229,2076,211,0,-218,0
2165,2211,2073,232,-4,-232,0
2176,2218,2103,215,-2,-241,0
2171,2229,2064,211,20,-224,0
2159,2215,2087,209,11,-237,0
2157,2222,2105,219,-6,-228,0
2157,2222,2117,212,17,-243,0
2157,2243,2076,208,11,-236,0
2181,2234,2090,207,-15,-236,0
2171,2223,2085,219,-10,-222,0
2167,2233,2100,216,18,-233,0
2181,2231,2085,200,5,-230,0
2167,2228,2087,219,1,-222,0
2183,2236,2073,217,-3,-232,0
2198,2236,2081,218,2,-217,0
2200,2256,2083,217,5,-221,0
2198,2250,2077,214,-21,-224,0
2188,2255,2087,198,15,-216,0
2200,2252,2101,211,9,-228,0
2178,2249,2098,209,0,-229,0
2175,2245,2111,200,-8,-221,0
2189,2248,2129,213,1,-232,0
2198,2245,2085,213,26,-241,0
2190,2246,2073,216,3,-222,0
2194,2237,2087,218,-9,-217,0
2187,2248,2089,205,-8,-223,0
2158,2252,2053,188,-1,-210,0
2170,2250,2070,211,21,-210,0
2167,2273,2069,211,11,-218,0
2143,2272,2058,200,-17,-235,0
2172,2280,2062,215,-4,-235,0
2146,2266,2077,209,21,-214,0
2166,2275,2096,214,0,-214,0
2152,2281,2131,214,-6,-220,0
2150,2266,2112,209,4,-215,0
2171,2279,2105,204,-3,-209,0
2167,2254,2105,203,-8,-212,0
2168,2245,2101,199,1,-214,0
2188,2262,2085,205,9,-223,0
2159,2253,2081,211,10,-228,0
2183,2273,2082,213,-10,-210,0
2178,2266,2082,203,5,-212,0
2185,2263,2067,195,-1,-210,0
2176,2248,2106,201,13,-222,0
2162,2259,2103,199,-7,-224,0
2171,2269,2098,215,-3,-206,0
2163,2275,2113,201,-1,-207,0
2163,2262,2098,200,6,-201,0
2204,2251,2083,193,-1,-215,0
2199,2258,2074,215,5,-216,0
2189,2251,2073,202,-7,-209,0
2202,2259,2113,206,17,-211,0
2195,2261,2082,205,8,-210,0
2199,2267,2094,197,-10,-207,0
2173,2245,2101,198,2,-208,0
2177,2257,2069,194,11,-216,0
2167,2255,2103,214,15,-211,0
2164,2253,2106,193,-12,-209,0
2161,2264,2073,209,-22,-224,0
2172,2245,2073,197,22,-198,0
2195,2251,2079,195,10,-218,0
2164,2250,2081,201,-1,-198,0
2171,2227,2084,193,0,-221,0
2160,2248,2065,205,-2,-194,0
2174,2251,2064,201,2,-214,0
2182,2242,2086,205,-9,-190,0
2168,2215,2073,203,-15,-206,0
2171,2229,2081,196,0,-219,0
2154,2222,2081,199,13,-207,0
2148,2217,2087,190,14,-204,0
2159,2222,2099,200,4,-200,0
2158,2216,2080,178,5,-217,0
2169,2236,2090,200,0,-213,0
2164,2227,2084,188,15,-215,0
2175,2194,2103,194,-19,-203,0
2166,2205,2086,190,-7,-202,0
2180,2217,2088,198,8,-200,0
2165,2222,2075,195,19,-210,0
2173,2189,2058,184,-11,-208,0
2174,2230,2090,187,-2,-214,0
2184,2220,2078,187,7,-211,0
2187,2225,2100,202,6,-219,0
2193,2223,2094,184,-5,-222,0
2185,2227,2078,198,-13,-201,0
2156,2233,2093,183,-14,-214,0
2189,2240,2098,189,1,-221,0
2173,2241,2090,203,18,-195,0
2187,2233,2082,191,0,-198,0
2186,2246,2091,175,-13,-211,0
2189,2234,2079,183,6,-196,0
2178,2248,2085,176,13,-185,0
2198,2255,2089,203,-6,-192,0
2183,2242,2091,181,-8,-191,0
2186,2234,2090,186,0,-204,0
2186,2247,2091,173,7,-204,0
2192,2221,2096,194,-4,-201,0
2201,2249,2093,187,-1,-194,0
2182,2252,2100,184,5,-202,0
2168,2258,2069,184,21,-180,0
2183,2257,2082,191,-6,-197,0
2190,2250,2096,178,-28,-181,0
2186,2263,2083,174,-8,-180,0
2183,2263,2097,184,-2,-208,0
2177,2273,2107,179,32,-208,0
2151,2245,2109,176,0,-206,0
2172,2251,2095,174,-7,-195,0
2152,2269,2113,178,8,-195,0
2160,2244,2100,188,4,-207,0
2169,2227,2105,189,-18,-192,0
2164,2233,2079,183,7,-181,0
2192,2242,2076,171,6,-191,0
2182,2253,2102,183,16,-185,0
2187,2226,2094,187,-5,-199,0
2163,2228,2104,177,-10,-196,0
2162,2228,2107,176,-2,-198,0
2177,2255,2118,181,7,-183,0
2175,2242,2112,178,-15,-194,0
2187,2250,2089,180,-8,-193,0
2196,2247,2083,182,-4,-187,0
2178,2239,2090,170,6,-199,0
2179,2243,2106,185,20,-183,0
2183,2230,2096,169,-17,-192,0
2142,2241,2096,189,-3,-190,0
2156,2226,2096,178,7,-203,0
2175,2223,2092,174,0,-187,0
2183,2238,2104,183,-13,-211,0
2172,2248,2091,179,15,-203,0
2185,2234,2104,186,13,-194,0
2181,2243,2092,181,1,-180,0
2178,2235,2101,174,-23,-193,0
2175,2243,2073,190,-4,-185,0
2171,2275,2088,168,2,-176,0
2187,2266,2055,169,-9,-189,0
2200,2262,2055,166,-9,-172,0
2196,2244,2053,180,13,-184,0
2178,2232,2039,175,0,-196,0
2185,2255,2043,161,-5,-181,0
2198,2239,2056,181,-16,-201,0
2208,2251,2063,169,15,-186,0
2185,2247,2077,176,0,-194,0
2169,2246,2085,176,-5,-174,0
2180,2242,2061,163,4,-185,0
2186,2238,2070,161,4,-183,0
2195,2234,2068,155,-10,-176,0
2216,2247,2088,175,4,-183,0
2198,2255,2080,178,14,-175,0
2203,2272,2074,164,-1,-175,0
2187,2252,2082,174,-13,-168,0
2193,2239,2105,173,-13,-192,0
2174,2224,2116,171,5,-197,0
2172,2247,2108,172,15,-177,0
2176,2251,2111,166,9,-176,0
2170,2244,2108,160,-1,-175,0
2168,2241,2083,171,6,-182,0
2165,2229,2089,165,-6,-169,0
2181,2231,2074,170,5,-182,0
2198,2232,2062,170,6,-180,0
2199,2251,2096,156,0,-182,0
2176,2269,2098,180,-10,-181,0
2187,2271,2087,182,-2,-175,0
2195,2264,2097,168,-4,-174,0
2191,2242,2101,154,-7,-177,0
2178,2255,2108,173,2,-179,0
2207,2235,2084,159,9,-193,0
2201,2256,2080,170,-8,-174,0
2198,2230,2094,163,-16,-151,0
2188,2228,2074,159,-7,-172,0
2172,2227,2102,175,0,-186,0
2198,2222,2084,157,6,-198,0
2179,2219,2101,162,-11,-173,0
2178,2231,2106,162,-4,-176,0
2172,2216,2114,152,7,-188,0
2162,2234,2098,153,-26,-176,0
2171,2261,2089,163,-5,-166,0
2178,2243,2104,170,-1,-190,0
2178,2260,2111,167,8,-170,0
2171,2251,2108,170,-16,-176,0
2173,2264,2100,165,25,-182,0
2157,2254,2081,161,7,-169,0
2191,2248,2087,169,-13,-165,0
2189,2256,2086,164,-15,-177,0
2178,2252,2067,150,10,-177,0
2178,2265,2093,167,9,-162,0
2196,2241,2080,153,5,-145,0
2182,2254,2091,174,-5,-165,0
2179,2235,2117,150,1,-170,0
2182,2242,2100,165,8,-179,0
2168,2245,2084,151,17,-159,0
2186,2257,2116,159,0,-171,0
2159,2244,2111,150,-22,-177,0
2182,2225,2100,157,4,-175,0
2173,2222,2084,153,8,-179,0
2193,2224,2101,168,6,-161,0
2178,2230,2091,157,10,-165,0
2196,2249,2103,168,-9,-168,0
2176,2263,2118,151,6,-170,0
2177,2263,2105,162,8,-179,0
2195,2261,2111,148,12,-155,0
2196,2250,2087,152,16,-165,0
2203,2249,2108,158,-2,-156,0
2170,2245,2100,155,-14,-159,0
2161,2261,2099,155,6,-162,0
2175,2254,2117,155,11,-170,0
2173,2222,2109,154,-11,-163,0
2164,2222,2090,158,-3,-177,0
2162,2230,2094,144,17,-167,0
2169,2237,2118,162,30,-173,0
2165,2230,2109,158,3,-164,0
2166,2236,2088,158,-2,-163,0
2155,2245,2105,158,-4,-157,0
2166,2240,2096,154,4,-162,0
2185,2239,2065,151,19,-168,0
2184,2239,2075,155,0,-178,0
2187,2241,2070,154,0,-156,0
2169,2219,2092,159,-13,-176,0
2185,2236,2093,164,-1,-176,0
2171,2217,2069,148,7,-160,0
2175,2248,2084,157,-1,-175,0
2150,2242,2069,149,-20,-163,0
2175,2251,2078,156,3,-175,0
2184,2234,2102,150,29,-162,0
2179,2225,2110,151,7,-174,0
2171,2235,2082,142,7,-138,0
2168,2245,2087,161,-21,-150,0
2186,2244,2081,152,-12,-152,0
2189,2235,2068,138,1,-163,0
2166,2241,2086,157,-8,-171,0
2176,2246,2096,133,-7,-168,0
2154,2256,2087,150,-3,-163,0
2158,2243,2116,135,23,-157,0
2164,2237,2102,152,18,-158,0
2176,2229,2097,143,6,-163,0
2189,2222,2084,155,4,-137,0
2184,2234,2083,145,1,-153,0
2168,2236,2100,143,2,-147,0
2174,2232,2098,149,2,-142,0
2167,2232,2115,145,0,-155,0
2176,2242,2090,141,-9,-157,0
2190,2233,2088,131,-9,-145,0
2188,2229,2092,137,0,-169,0
2171,2238,2100,132,4,-152,0
2190,2246,2084,141,-15,-166,0
2180,2281,2082,140,10,-146,0
2196,2280,2093,149,18,-152,0
2166,2257,2083,144,-4,-161,0
2181,2259,2102,143,-32,-153,0
2187,2259,2115,165,-4,-137,0
2171,2248,2100,146,18,-154,0
2154,2246,2104,146,-3,-171,0
2160,2238,2098,130,-3,-162,0
2163,2236,2109,143,6,-143,0
2173,2237,2084,136,3,-157,0
2181,2238,2087,144,-28,-150,0
2174,2243,2075,136,-24,-160,0
2160,2246,2077,139,6,-158,0
2186,2246,2090,136,0,-143,0
2174,2257,2098,125,-22,-151,0
2177,2257,2071,145,-6,-150,0
2173,2252,2103,133,-1,-143,0
2151,2235,2078,137,-24,-158,0
2159,2234,2093,139,-4,-171,0
2172,2226,2077,132,1,-141,0
2153,2236,2081,132,20,-153,0
2152,2236,2068,124,-14,-148,0
2145,2233,2098,133,0,-160,0
2148,2220,2109,146,0,-135,0
2159,2227,2093,135,5,-156,0
2153,2233,2096,150,-1,-163,0
2166,2220,2096,147,-11,-146,0
2175,2229,2083,133,16,-156,0
2166,2242,2086,138,17,-149,0
2178,2231,2072,157,17,-168,0
2184,2229,2073,154,0,-141,0
2178,2259,2059,133,0,-151,0
2181,2236,2049,145,6,-132,0
2164,2231,2072,147,10,-146,0
2174,2244,2083,137,-24,-146,0
2158,2229,2080,125,-16,-150,0
2172,2223,2074,133,6,-152,0
2187,2235,2092,128,20,-153,0
2171,2231,2095,139,-3,-133,0
2168,2247,2072,119,15,-139,0
2159,2238,2100,137,1,-151,0
2158,2246,2098,120,-29,-140,0
2147,2242,2109,129,-17,-152,0
2156,2235,2095,136,16,-154,0
2169,2233,2097,142,18,-160,0
2160,2237,2090,130,3,-146,0
2169,2247,2089,124,-16,-152,0
2163,2241,2100,134,5,-152,0
2178,2231,2090,131,8,-141,0
2153,2243,2101,129,6,-155,0
2146,2235,2099,117,-24,-150,0
2151,2249,2099,148,33,-145,0
2164,2250,2107,137,11,-144,0
2166,2274,2102,128,7,-148,0
2171,2257,2095,124,-10,-129,0
2159,2248,2084,132,-2,-156,0
2186,2259,2094,122,14,-136,0
2173,2261,2085,120,33,-141,0
2168,2249,2102,120,4,-134,0
2169,2250,2090,132,-12,-146,0
2175,2252,2102,125,-19,-143,0
2178,2246,2107,140,12,-138,0
2168,2250,2099,125,-6,-131,0
2179,2248,2094,116,-16,-152,0
2154,2241,2098,116,0,-138,0
2175,2258,2103,124,17,-152,0
2174,2259,2087,132,-19,-126,0
2164,2246,2085,123,-13,-139,0
2157,2241,2105,122,12,-136,0
2159,2238,2100,127,17,-128,0
2157,2242,2076,129,-12,-148,0
2159,2250,2083,126,-4,-122,0
2178,2242,2073,129,17,-127,0
2159,2247,2083,134,-9,-127,0
2141,2253,2094,132,-3,-149,0
2154,2257,2063,133,-5,-139,0
2154,2256,2078,111,-1,-134,0
2161,2267,2083,137,-4,-136,0
2192,2240,2068,127,2,-155,0
2177,2236,2087,127,10,-138,0
2180,2253,2087,126,7,-141,0
2160,2268,2097,133,10,-122,0
2175,2253,2088,136,-8,-138,0
2147,2267,2102,137,-19,-142,0
2156,2258,2096,116,16,-141,0
2134,2255,2088,120,-4,-132,0
2165,2263,2103,126,11,-143,0
2173,2238,2092,110,3,-140,0
2165,2256,2101,118,-6,-132,0
2163,2249,2101,126,-3,-129,0
2160,2267,2091,138,-17,-141,0
2149,2233,2083,115,-18,-132,0
2141,2245,2099,119,7,-143,0
2144,2236,2105,144,5,-148,0
2167,2248,2124,133,22,-137,0
2157,2241,2072,118,1,-117,0
2146,2270,2096,129,-7,-138,0
2157,2260,2102,123,-8,-131,0
2161,2249,2089,118,-12,-125,0
2171,2240,2072,127,18,-144,0
2159,2236,2089,128,13,-132,0
2180,2262,2082,135,-5,-148,0
2173,2261,2079,131,-20,-141,0
2179,2254,2079,118,6,-132,0
2166,2249,2100,126,16,-126,0
2179,2268,2089,133,-5,-130,0
2170,2276,2082,123,5,-144,0
2174,2252,2084,103,13,-116,0
2158,2245,2058,110,-8,-110,0
2161,2261,2074,109,-6,-117,0
2155,2246,2086,113,13,-132,0
2154,2238,2113,107,12,-124,0
2142,2249,2126,108,-3,-132,0
2146,2264,2119,95,-11,-119,0
2166,2258,2123,140,-6,-120,0
2157,2247,2111,119,-9,-146,0
2169,2244,2105,112,-4,-132,0
2158,2238,2119,111,1,-138,0
2158,2240,2112,117,-6,-119,0
2174,2238,2093,124,22,-123,0
2148,2248,2107,130,-8,-117,0
2145,2263,2130,128,8,-125,0
2129,2247,2108,117,16,-120,0
2150,2249,2099,120,-15,-116,0
2164,2237,2093,126,-3,-140,0
2146,2241,2102,114,-1,-135,0
2185,2244,2086,124,-2,-138,0
2188,2253,2102,112,-17,-126,0
2164,2236,2103,120,-6,-129,0
2180,2236,2080,112,-2,-114,0
2179,2254,2080,114,11,-121,0
2176,2270,2075,110,15,-123,0
2181,2266,2067,125,-4,-116,0
2178,2258,2057,108,-20,-138,0
2173,2277,2068,113,7,-125,0
2165,2268,2064,123,-10,-134,0
2181,2273,2063,115,-1,-124,0
2194,2266,2056,111,-6,-127,0
2168,2236,2060,123,16,-118,0
2182,2244,2061,101,0,-133,0
2179,2253,2072,116,-12,-123,0
2166,2234,2065,106,-16,-111,0
2173,2258,2076,107,-4,-118,0
2169,2264,2086,112,1,-119,0
2150,2256,2094,116,-12,-108,0
2152,2259,2077,109,1,-139,0
2159,2257,2069,108,23,-116,0
2174,2266,2073,122,15,-134,0
2156,2256,2095,113,-9,-113,0
2155,2260,2086,111,-11,-116,0
2148,2248,2106,111,7,-142,0
2152,2253,2117,103,10,-123,0
2146,2245,2115,95,-4,-135,0
2158,2218,2100,110,-9,-114,0
2151,2245,2095,118,-8,-117,0
2169,2240,2096,115,19,-119,0
2154,2241,2093,111,0,-118,0
2150,2236,2106,106,-16,-118,0
2163,2249,2092,92,22,-124,0
2158,2238,2087,103,13,-115,0
2176,2230,2099,111,5,-110,0
2173,2230,2092,97,-10,-110,0
2162,2231,2084,115,1,-120,0
2177,2220,2072,106,5,-108,0
2178,2252,2062,105,-7,-112,0
2170,2249,2096,109,-13,-110,0
2167,2279,2062,99,-12,-113,0
2168,2253,2083,98,-1,-121,0
2172,2242,2075,107,-13,-93,0
2174,2241,2075,118,-12,-107,0
2185,2231,2084,90,8,-126,0
2166,2230,2098,114,1,-125,0
2170,2223,2098,126,6,-112,0
2160,2220,2102,118,0,-112,0
2169,2211,2102,108,1,-126,0
2154,2195,2110,83,9,-95,0
2157,2215,2118,110,-20,-107,0
2143,2229,2144,111,2,-133,0
2165,2241,2108,89,9,-121,0
2158,2236,2111,94,-1,-113,0
2159,2245,2119,106,-12,-106,0
2143,2238,2111,93,-22,-117,0
2149,2225,2112,104,15,-108,0
2156,2227,2121,105,18,-114,0
2155,2231,2131,96,-2,-110,0
2153,2234,2115,100,16,-118,0
2171,2215,2133,101,1,-121,0
2172,2235,2117,95,-21,-125,0
2194,2248,2121,110,-1,-103,0
2175,2251,2107,105,-4,-117,0
2178,2239,2106,94,18,-126,0
2182,2247,2101,116,4,-103,0
2178,2255,2115,102,-3,-117,0
2170,2253,2117,107,8,-117,0
2163,2261,2104,95,-12,-103,0
2170,2265,2095,89,-29,-103,0
2153,2278,2092,102,-7,-113,0
2152,2253,2095,91,11,-107,0
2153,2263,2121,104,6,-126,0
2167,2253,2108,108,-21,-117,0
2161,2242,2123,95,4,-102,0
2155,2251,2118,89,19,-106,0
2148,2229,2099,90,-29,-107,0
2147,2229,2090,96,-18,-109,0
2148,2215,2069,84,0,-102,0
2169,2234,2085,92,-13,-104,0
2160,2226,2084,110,4,-116,0
2152,2250,2085,97,6,-111,0
2141,2243,2084,78,-4,-107,0
2156,2247,2085,98,-1,-125,0
2158,2243,2083,92,-28,-97,0
2136,2238,2089,93,-18,-113,0
2146,2253,2094,97,10,-115,0
2151,2230,2091,87,-7,-96,0
2139,2229,2099,102,-12,-108,0
2122,2223,2104,97,9,-117,0
2163,2218,2105,100,26,-110,0
2120,2230,2101,89,2,-106,0
2134,2234,2106,94,-14,-99,0
2141,2220,2087,88,3,-110,0
2122,2216,2109,112,6,-91,0
2132,2227,2095,84,-4,-97,0
2166,2220,2088,108,-14,-110,0
2153,2237,2093,79,5,-102,0
2150,2238,2082,95,0,-101,0
2165,2256,2126,99,-28,-104,0
2143,2252,2096,98,11,-116,0
2151,2242,2090,95,8,-95,0
2157,2236,2118,100,-7,-121,0
2172,2227,2100,88,3,-104,0
2148,2241,2096,93,0,-112,0
2158,2232,2083,100,4,-111,0
2160,2230,2093,99,-15,-87,0
2178,2231,2103,90,-17,-95,0
2160,2235,2072,75,-10,-91,0
2145,2208,2091,68,-15,-108,0
2163,2212,2108,64,8,-89,0
2168,2228,2096,82,-6,-113,0
2180,2234,2096,101,-12,-104,0
2154,2240,2111,115,-13,-116,0
2162,2209,2112,86,-13,-99,0
2156,2209,2105,93,11,-98,0
2145,2239,2090,101,11,-101,0
2151,2254,2100,89,6,-102,0
2171,2224,2095,91,0,-100,0
2163,2238,2086,78,11,-103,0
2168,2246,2068,101,10,-88,0
2154,2244,2094,114,2,-85,0
2152,2247,2090,79,-14,-106,0
2160,2243,2106,90,19,-107,0
2176,2242,2070,91,15,-107,0
2170,2240,2073,91,-8,-94,0
2169,2231,2079,76,-7,-114,0
2182,2234,2084,99,14,-100,0
2175,2241,2106,109,12,-102,0
2168,2248,2104,86,-7,-109,0
2160,2242,2078,80,16,-98,0
2164,2251,2080,72,10,-97,0
2149,2252,2099,76,12,-85,0
2157,2243,2070,90,-14,-99,0
2147,2271,2092,88,-1,-113,0
2168,2244,2101,96,9,-112,0
2170,2247,2075,82,22,-109,0
2163,2255,2066,75,6,-112,0
2195,2245,2074,72,-6,-102,0
2189,2249,2077,85,-9,-97,0
2197,2253,2074,97,12,-96,0
2186,2273,2069,98,29,-114,0
2193,2256,2086,77,2,-104,0
2189,2256,2099,82,-13,-115,0
2176,2257,2069,58,-7,-96,0
2182,2251,2077,62,-8,-115,0
2159,2248,2072,68,6,-89,0
2165,2242,2086,89,-29,-95,0
2177,2245,2087,97,-8,-90,0
2178,2248,2110,97,7,-83,0
2186,2263,2074,99,-4,-89,0
2162,2271,2075,93,-2,-98,0
2180,2231,2077,92,2,-92,0
2184,2243,2067,84,-2,-103,0
2183,2243,2056,78,-24,-86,0
2172,2246,2059,84,-21,-90,0
2181,2247,2058,59,8,-77,0
2192,2228,2062,59,4,-91,0
2194,2258,2061,81,-3,-101,0
2198,2263,2101,59,-20,-93,0
2176,2252,2082,76,5,-93,0
2192,2264,2107,67,10,-90,0
2177,2252,2090,74,-12,-82,0
2217,2242,2091,79,-9,-87,0
2198,2243,2084,105,11,-89,0
2194,2249,2092,84,19,-98,0
2193,2256,2109,94,-6,-88,0
2192,2247,2106,86,-4,-94,0
2177,2239,2099,102,-1,-87,0
2183,2238,2130,103,8,-73,0
2189,2239,2118,83,-27,-99,0
2172,2236,2095,101,-10,-94,0
2175,2221,2113,105,-8,-110,0
2141,2232,2099,93,4,-103,0
2178,2245,2081,92,15,-87,0
2150,2232,2098,101,0,-89,0
2166,2231,2108,88,9,-113,0
2136,2219,2105,95,21,-77,0
2153,2236,2118,98,-21,-93,0
2125,2229,2107,93,10,-88,0
2155,2220,2114,79,24,-103,0
2156,2250,2111,81,-15,-90,0
2142,2234,2103,61,-16,-103,0
2139,2232,2085,70,3,-97,0
2157,2217,2082,78,18,-101,0
2154,2230,2083,93,-8,-76,0
2130,2229,2102,99,-8,-100,0
2133,2245,2064,81,19,-104,0
2167,2237,2091,74,5,-79,0
2141,2241,2086,70,-6,-81,0
2145,2244,2105,77,8,-85,0
2147,2242,2086,93,13,-88,0
2158,2228,2089,96,-23,-96,0
2162,2242,2079,75,-20,-95,0
2150,2237,2070,51,5,-79,0
2170,2236,2073,52,2,-96,0
2171,2251,2086,80,-2,-88,0
2176,2238,2091,105,-8,-78,0
2168,2244,2052,59,10,-97,0
2171,2234,2074,57,22,-94,0
2183,2242,2093,58,2,-83,0
2170,2239,2083,93,-5,-90,0
2176,2263,2064,89,-15,-96,0
2174,2235,2080,61,23,-68,0
2172,2217,2063,63,-7,-92,0
2177,2232,2081,96,-18,-75,0
2165,2234,2075,92,-10,-67,0
2180,2240,2095,72,26,-90,0
2161,2241,2096,43,3,-84,0
2173,2250,2074,86,-10,-94,0
2190,2243,2088,93,-20,-89,0
2190,2254,2068,64,-8,-82,0
2178,2262,2065,71,19,-84,0
2182,2264,2075,82,7,-84,0
2174,2271,2083,84,8,-83,0
2181,2233,2083,40,-7,-90,0
2165,2259,2107,55,20,-74,0
2173,2246,2099,76,5,-80,0
2171,2269,2091,85,-8,-86,0
2187,2273,2087,41,-15,-100,0
2195,2264,2081,69,4,-96,0
2176,2244,2086,100,8,-81,0
2165,2255,2080,65,12,-91,0
2179,2257,2086,73,-11,-103,0
2195,2258,2070,77,3,-80,0
2192,2266,2050,50,20,-82,0
2189,2256,2057,75,1,-80,0
2191,2250,2072,86,-10,-83,0
2182,2277,2048,55,-9,-89,0
2184,2272,2071,72,19,-87,0
2202,2267,2097,99,-8,-82,0
2168,2262,2097,87,-11,-89,0
2178,2266,2121,43,14,-82,0
2148,2237,2118,67,7,-87,0
2164,2255,2114,90,1,-98,0
2158,2255,2108,45,-17,-84,0
2176,2245,2087,80,9,-78,0
2165,2250,2089,44,11,-74,0
2166,2244,2072,73,-8,-73,0
2172,2254,2096,62,-17,-86,0
2183,2227,2078,75,16,-78,0
2168,2235,2105,62,0,-93,0
2181,2241,2090,85,-8,-86,0
2176,2233,2101,47,4,-82,0
2194,2239,2077,88,0,-78,0
2194,2247,2073,53,20,-80,0
2182,2248,2096,96,5,-85,0
2182,2270,2086,58,-7,-99,0
2160,2254,2114,71,3,-91,0
2176,2241,2107,60,20,-99,0
2163,2234,2112,89,-8,-79,0
2197,2230,2093,42,-25,-88,0
2181,2236,2100,76,-6,-80,0
2178,2241,2110,46,3,-69,0
2161,2238,2104,94,-13,-83,0
2174,2220,2109,55,5,-86,0
2175,2202,2101,82,16,-64,0
2162,2210,2083,50,17,-86,0
2162,2205,2084,82,-2,-79,0
2174,2228,2101,42,-5,-75,0
2176,2214,2104,81,6,-75,0
2184,2240,2081,45,19,-67,0
2169,2233,2088,95,-15,-60,0
2174,2250,2101,46,0,-87,0
2184,2242,2077,84,11,-64,0
2168,2248,2070,50,1,-65,0
2154,2233,2078,86,-12,-89,0
2159,2234,2091,48,-6,-82,0
2179,2236,2098,73,13,-79,0
2178,2241,2105,58,26,-70,0
2175,2231,2097,49,-12,-75,0
2178,2228,2082,91,-7,-75,0
2167,2227,2112,48,18,-81,0
2174,2239,2095,67,28,-60,0
2150,2240,2105,61,-14,-75,0
2166,2231,2074,40,-29,-73,0
2168,2220,2111,74,0,-78,0
2175,2231,2106,54,0,-69,0
2166,2226,2082,48,8,-82,0
2156,2228,2104,80,-7,-69,0
2169,2232,2083,40,-5,-84,0
2180,2233,2105,55,9,-87,0
2178,2232,2093,83,-6,-72,0
2176,2262,2074,30,-14,-65,0
2167,2270,2086,71,-2,-78,0
2161,2244,2096,80,0,-78,0
2184,2236,2102,45,10,-72,0
2190,2238,2095,82,12,-78,0
2187,2229,2095,63,-7,-76,0
2192,2233,2104,36,-5,-68,0
2159,2231,2074,66,21,-85,0
2186,2232,2077,94,-12,-73,0
2201,2230,2107,52,-15,-73,0
2191,2247,2118,46,-16,-74,0
2186,2235,2106,85,-1,-66,0
2183,2238,2099,69,4,-67,0
2172,2242,2097,39,-12,-72,0
2171,2242,2089,63,4,-68,0
2164,2248,2111,80,-5,-61,0
2183,2240,2089,60,12,-62,0
2176,2251,2081,20,15,-82,0
2176,2236,2103,69,19,-83,0
2181,2253,2097,64,-12,-75,0
2209,2251,2113,37,-21,-70,0
2187,2241,2120,78,-16,-71,0
2207,2238,2085,75,4,-70,0
2193,2224,2101,52,-8,-53,0
2204,2203,2088,58,-8,-84,0
2182,2223,2082,71,10,-61,0
2183,2221,2063,69,14,-74,0
2176,2215,2104,30,-9,-75,0
2191,2228,2077,38,-12,-69,0
2186,2208,2086,60,-1,-52,0
2178,2218,2094,73,14,-68,0
2167,2212,2092,63,-1,-76,0
2168,2213,2064,46,-18,-69,0
2155,2217,2081,31,0,-53,0
2144,2226,2083,52,9,-63,0
2130,2232,2073,70,-1,-57,0
2141,2227,2077,76,-16,-87,0
2151,2227,2066,73,10,-70,0
2141,2245,2075,43,15,-74,0
2145,2231,2055,27,22,-83,0
2177,2233,2081,31,14,-82,0
2165,2234,2091,43,-9,-64,0
2166,2242,2065,72,-1,-66,0
2139,2237,2085,86,7,-64,0
2151,2224,2083,62,1,-65,0
2152,2220,2087,58,15,-76,0
2156,2241,2103,42,-30,-82,0
2175,2267,2114,32,4,-75,0
2165,2247,2094,43,15,-69,0
2180,2249,2089,48,10,-61,0
2181,2254,2097,66,-16,-72,0
2184,2271,2094,74,9,-74,0
2183,2254,2089,77,5,-65,0
2185,2252,2094,65,9,-75,0
2182,2246,2102,38,-26,-75,0
2190,2246,2100,42,4,-75,0
2181,2237,2094,47,7,-55,0
2174,2244,2098,48,-6,-72,0
2192,2254,2090,33,-9,-74,0
2199,2245,2095,60,0,-56,0
2193,2234,2102,54,27,-56,0
2180,2235,2088,66,-7,-63,0
2185,2225,2099,76,-16,-68,0
2182,2248,2103,88,-5,-70,0
2172,2236,2080,60,18,-60,0
2194,2232,2078,87,-14,-69,0
2190,2241,2107,75,-10,-67,0
2206,2259,2096,73,-16,-76,0
2197,2235,2083,73,4,-54,0
2203,2230,2086,76,-5,-69,0
2188,2241,2077,61,-15,-62,0
2193,2247,2092,37,3,-61,0
2171,2251,2107,42,4,-56,0
2196,2257,2110,41,0,-69,0
2207,2240,2111,60,-3,-44,0
2205,2260,2088,90,0,-73,0
2216,2253,2099,77,8,-76,0
2201,2244,2105,69,-1,-71,0
2202,2271,2111,47,-4,-61,0
2201,2267,2093,54,0,-69,0
2179,2278,2079,46,-11,-71,0
2186,2255,2106,35,9,-69,0
2169,2242,2105,71,-5,-58,0
2171,2249,2093,44,-3,-59,0
2179,2261,2115,31,10,-59,0
2199,2252,2112,23,10,-54,0
2209,2255,2095,42,-6,-70,0
2194,2272,2111,32,0,-53,0
2187,2260,2105,38,-6,-57,0
2181,2248,2108,64,4,-64,0
2183,2261,2104,82,11,-61,0
2179,2256,2121,70,7,-69,0
2177,2271,2104,55,-10,-62,0
2183,2262,2110,51,2,-54,0
2185,2266,2106,63,12,-45,0
2189,2262,2121,30,0,-62,0
2188,2245,2112,34,-6,-66,0
2187,2228,2105,34,7,-62,0
2156,2235,2099,28,8,-59,0
2157,2231,2093,38,9,-73,0
2154,2206,2078,35,-2,-61,0
2168,2220,2108,69,-21,-63,0
2162,2224,2107,56,3,-54,0
2171,2220,2090,83,22,-59,0
2171,2217,2096,61,20,-55,0
2150,2207,2091,42,-16,-62,0
2188,2202,2125,31,-8,-66,0
2171,2213,2099,28,25,-63,0
2158,2232,2123,50,25,-66,0
2158,2249,2110,43,7,-57,0
2139,2262,2084,50,-21,-68,0
2158,2232,2088,70,8,-55,0
2170,2220,2103,81,-4,-60,0
2174,2241,2106,48,-16,-68,0
2180,2256,2111,29,-26,-65,0
2176,2219,2095,18,15,-57,0
2177,2230,2116,41,8,-64,0
2178,2230,2111,60,18,-86,0
2165,2240,2105,81,0,-66,0
2159,2250,2089,47,-2,-71,0
2178,2227,2091,41,8,-54,0
2194,2227,2081,43,-7,-58,0
2181,2234,2082,52,-5,-68,0
2193,2231,2099,65,-3,-56,0
2182,2252,2089,45,-3,-68,0
2188,2242,2087,45,-15,-66,0
2173,2248,2125,35,-3,-54,0
2175,2231,2128,26,2,-51,0
2175,2236,2110,64,-5,-50,0
2203,2256,2097,36,4,-56,0
2200,2239,2098,31,-13,-63,0
2193,2249,2104,53,14,-53,0
2192,2241,2095,84,27,-58,0
2177,2264,2091,33,6,-70,0
2191,2250,2084,19,-8,-63,0
2164,2255,2078,50,-15,-60,0
2189,2270,2074,68,26,-65,0
2158,2269,2079,31,-14,-64,0
2180,2249,2091,36,-6,-44,0
2168,2240,2076,61,-10,-63,0
2172,2226,2091,64,-4,-58,0
2163,2231,2098,31,3,-53,0
2169,2254,2096,40,-9,-45,0
2176,2251,2097,72,8,-56,0
2166,2255,2089,48,1,-66,0
2168,2259,2078,23,-4,-60,0
2154,2268,2113,28,-8,-44,0
2177,2255,2124,37,13,-50,0
2189,2258,2097,78,-10,-63,0
2178,2241,2079,51,-10,-50,0
2172,2254,2070,25,14,-70,0
2178,2243,2082,29,27,-46,0
2174,2243,2099,53,-2,-49,0
2154,2248,2083,30,-1,-60,0
2179,2236,2070,22,-12,-80,0
2156,2233,2062,52,3,-55,0
2143,2236,2072,23,3,-70,0
2198,2230,2070,41,-16,-50,0
2177,2253,2078,59,-1,-50,0
2182,2238,2083,13,6,-60,0
2168,2251,2074,54,8,-43,0
2172,2259,2085,60,0,-64,0
2183,2255,2099,7,-21,-48,0
2170,2257,2095,55,-6,-56,0
2176,2246,2103,29,-6,-58,0
2161,2233,2075,22,-15,-50,0
2151,2259,2068,63,1,-42,0
2173,2239,2109,21,19,-59,0
2147,2224,2125,44,12,-58,0
2174,2225,2092,57,8,-53,0
2176,2244,2105,19,-12,-72,0
2172,2253,2091,63,-6,-43,0
2160,2224,2075,39,3,-58,0
2164,2224,2090,20,-12,-50,0
2164,2238,2084,56,-16,-57,0
2178,2222,2071,27,9,-57,0
2182,2234,2086,46,5,-54,0
2190,2238,2069,30,-8,-55,0
2186,2251,2082,44,-17,-42,0
2193,2234,2095,62,-1,-49,0
2189,2217,2087,23,3,-58,0
2183,2247,2112,60,-14,-54,0
2198,2245,2112,32,-10,-48,0
2184,2232,2109,36,10,-51,0
2183,2236,2111,63,13,-63,0
2171,2232,2123,12,-1,-53,0
2191,2235,2109,39,-18,-31,0
2168,2238,2109,39,-8,-56,0
2173,2217,2123,36,-4,-56,0
2188,2220,2110,41,-4,-50,0
2177,2226,2109,53,-17,-44,0
2182,2231,2094,42,7,-40,0
2184,2256,2108,21,30,-52,0
2173,2219,2103,70,0,-51,0
2180,2237,2071,17,-14,-47,0
2216,2241,2099,64,-4,-55,0
2196,2235,2097,18,18,-64,0
2207,2231,2103,66,10,-41,0
2196,2239,2101,32,2,-52,0
2179,2240,2112,54,3,-54,0
2201,2227,2127,43,3,-51,0
2206,2226,2112,18,12,-58,0
2179,2225,2123,69,-10,-60,0
2203,2226,2109,20,-4,-41,0
2179,2239,2101,32,-18,-55,0
2197,2246,2104,35,12,-65,0
2193,2249,2113,19,10,-56,0
2186,2256,2085,65,6,-44,0
2192,2254,2089,25,7,-53,0
2194,2240,2068,34,0,-44,0
2188,2239,2078,53,20,-36,0
2199,2239,2076,43,17,-43,0
2198,2219,2076,26,7,-49,0
2193,2235,2110,59,-21,-54,0
2190,2222,2109,11,-5,-52,0
2186,2236,2103,48,12,-47,0
2201,2230,2096,27,-7,-53,0
2198,2229,2107,36,10,-34,0
2186,2222,2123,33,24,-47,0
2165,2249,2076,48,11,-56,0
2180,2247,2098,46,-3,-44,0
2192,2250,2120,10,-17,-47,0
2193,2249,2098,73,15,-44,0
2173,2246,2101,17,23,-47,0
2177,2220,2101,29,0,-51,0
2199,2228,2099,39,15,-50,0
2206,2243,2070,11,-4,-41,0
2190,2251,2097,33,-1,-54,0
2163,2263,2098,17,-23,-52,0
2169,2241,2100,59,5,-54,0
2178,2248,2094,18,1,-52,0
2171,2235,2094,52,1,-60,0
2173,2228,2103,17,-12,-62,0
2182,2245,2093,25,-2,-36,0
2187,2236,2088,49,11,-42,0
2173,2237,2090,13,0,-45,0
2180,2234,2074,20,-36,-50,0
2176,2242,2104,31,-5,-46,0
2143,2239,2075,9,8,-45,0
2160,2245,2081,54,25,-61,0
2177,2247,2104,31,2,-57,0
2181,2257,2112,35,2,-45,0
2188,2266,2113,50,1,-42,0
2180,2253,2116,17,20,-52,0
2191,2226,2074,20,15,-44,0
2173,2243,2077,65,-4,-52,0
2172,2233,2080,24,0,-65,0
2167,2261,2092,34,22,-60,0
2168,2257,2077,46,9,-56,0
2175,2245,2057,8,-10,-46,0
2192,2239,2065,29,19,-51,0
2181,2235,2071,54,21,-32,0
2169,2239,2093,11,-3,-50,0
2157,2249,2076,30,-22,-44,0
2154,2246,2075,48,-6,-26,0
2147,2242,2055,6,7,-25,0
2167,2220,2063,19,1,-41,0
2174,2250,2086,47,0,-46,0
2165,2236,2073,39,1,-34,0
2171,2238,2075,15,8,-39,0
2182,2244,2097,47,-14,-49,0
2179,2266,2073,36,-2,-42,0
2160,2256,2079,18,14,-20,0
2166,2235,2084,15,34,-50,0
2159,2255,2102,6,4,-51,0
2182,2248,2097,50,-4,-49,0
2184,2243,2088,14,8,-55,0
2154,2247,2110,10,5,-53,0
2143,2255,2108,51,16,-44,0
2172,2267,2113,18,0,-33,0
2141,2251,2126,-3,-12,-53,0
2172,2271,2111,13,-4,-41,0
2175,2274,2125,25,19,-36,0
2171,2266,2128,54,2,-41,0
2166,2247,2122,15,-1,-43,0
2166,2249,2118,55,-2,-51,0
2159,2234,2113,41,3,-45,0
2158,2219,2129,30,-10,-38,0
2170,2232,2103,10,-1,-42,0
2171,2228,2117,20,13,-44,0
2174,2228,2121,38,19,-28,0
2187,2227,2110,51,-11,-51,0
2159,2232,2111,8,-5,-35,0
2153,2230,2100,25,4,-48,0
2160,2222,2116,45,21,-37,0
2143,2223,2111,46,2,-29,0
2155,2232,2124,34,-17,-45,0
2152,2236,2098,2,-10,-39,0
2168,2252,2093,15,-6,-39,0
2149,2229,2080,41,25,-42,0
2155,2259,2067,54,-22,-45,0
2136,2266,2086,23,10,-50,0
2141,2275,2107,14,12,-48,0
2139,2261,2083,10,16,-44,0
2146,2260,2086,49,-2,-38,0
2170,2266,2084,49,0,-42,0
2166,2271,2082,17,-12,-45,0
2170,2267,2077,12,10,-34,0
2170,2260,2083,8,16,-32,0
2164,2259,2103,11,-10,-38,0
2175,2244,2116,28,13,-40,0
2165,2246,2121,51,22,-49,0
2181,2253,2095,37,11,-40,0
2181,2257,2084,25,-13,-34,0
2188,2243,2090,21,-8,-64,0
2170,2235,2096,51,-24,-49,0
2168,2245,2092,46,-7,-50,0
2171,2245,2091,26,2,-47,0
2173,2246,2081,31,16,-43,0
2191,2245,2093,19,14,-36,0
2189,2239,2081,16,0,-39,0
2206,2245,2062,11,-4,-35,0
2192,2261,2081,18,7,-46,0
2178,2251,2070,18,-1,-46,0
2181,2260,2084,21,-4,-57,0
2193,2257,2079,13,-21,-39,0
2186,2255,2067,25,-13,-48,0
2170,2251,2097,37,12,-24,0
2177,2261,2078,50,20,-52,0
2161,2254,2068,7,21,-43,0
2160,2263,2068,13,-16,-29,0
2168,2256,2034,2,3,-38,0
2173,2241,2065,-3,14,-46,0
2177,2245,2083,32,-5,-33,0
2164,2253,2084,43,-10,-49,0
2158,2240,2079,28,8,-46,0
2162,2244,2072,30,0,-45,0
2181,2252,2081,14,9,-43,0
2176,2242,2090,10,6,-42,0
2178,2243,2088,9,3,-44,0
2180,2251,2098,16,-10,-48,0
2181,2272,2100,47,-4,-52,0
2155,2270,2108,27,-5,-39,0
2172,2258,2113,23,3,-37,0
2145,2248,2110,26,-15,-47,0
2149,2247,2090,6,-5,-47,0
2133,2236,2106,28,0,-38,0
2147,2242,2109,31,10,-26,0
2137,2242,2099,-10,0,-27,0
2135,2226,2124,13,10,-29,0
2157,2226,2080,16,3,-26,0
2143,2223,2085,3,-3,-32,0
2146,2215,2081,-4,-22,-50,0
2154,2217,2098,22,-6,-44,0
2161,2209,2090,31,4,-30,0
2155,2230,2098,62,23,-39,0
2147,2246,2083,54,-1,-37,0
2144,2250,2076,48,7,-40,0
2167,2248,2076,40,-3,-27,0
2163,2245,2080,27,21,-38,0
2145,2245,2105,46,6,-37,0
2167,2217,2071,52,-25,-23,0
2155,2249,2098,48,-3,-27,0
2164,2231,2102,37,11,-27,0
2191,2220,2117,44,19,-32,0
2172,2220,2100,35,5,-29,0
2170,2232,2099,40,-4,-33,0
2190,2226,2090,30,2,-34,0
2182,2224,2092,40,18,-45,0
2173,2222,2103,41,0,-23,0
2165,2212,2111,43,-13,-35,0
2168,2217,2098,45,5,-37,0
2148,2224,2086,54,20,-40,0
2178,2219,2088,46,1,-36,0
2174,2234,2098,53,2,-34,0
2169,2252,2112,56,0,-29,0
2170,2258,2105,49,12,-27,0
2143,2262,2092,54,-20,-33,0
2154,2251,2079,49,-8,-31,0
2151,2261,2072,46,9,-22,0
2162,2236,2099,35,13,-28,0
2157,2234,2097,35,5,-35,0
2183,2230,2094,41,-14,-43,0
2173,2225,2113,49,22,-46,0
2141,2228,2097,45,13,-32,0
2150,2253,2084,42,0,-34,0
2136,2253,2105,38,-19,-40,0
2144,2234,2105,50,-4,-22,0
2172,2237,2100,38,-6,-40,0
2170,2240,2108,49,4,-38,0
2163,2237,2130,43,-5,-35,0
2157,2259,2107,49,5,-42,0
2161,2265,2081,55,1,-38,0
2149,2258,2106,54,16,-38,0
2165,2249,2114,31,-10,-33,0
2178,2252,2105,38,-19,-23,0
2162,2250,2084,57,-15,-29,0
2178,2266,2107,34,17,-43,0
2156,2254,2096,53,-17,-28,0
2172,2253,2108,49,-19,-30,0
2165,2248,2097,41,0,-41,0
2173,2269,2104,41,22,-31,0
2181,2283,2091,37,-1,-16,0
2171,2260,2095,30,-14,-31,0
2204,2248,2098,5,-8,-20,0
2192,2262,2074,8,-1,-38,0
2196,2244,2099,10,-3,-44,0
2180,2253,2097,2,5,-34,0
2169,2258,2079,1,0,-15,0
2169,2247,2060,21,15,-36,0
2161,2251,2086,29,34,-51,0
2163,2233,2088,33,0,-52,0
2146,2233,2091,26,0,-43,0
2152,2212,2084,8,4,-36,0
2165,2205,2078,16,-1,-42,0
2141,2229,2077,16,12,-35,0
2130,2239,2089,21,-13,-24,0
2143,2247,2096,35,10,-35,0
2153,2243,2090,49,16,-26,0
2141,2238,2085,48,-2,-18,0
2166,2252,2087,30,-24,-44,0
2187,2232,2096,-4,0,-36,0
2204,2236,2100,10,-9,-36,0
2194,2255,2107,3,15,-29,0
2181,2254,2114,41,16,-24,0
2185,2257,2117,47,-11,-37,0
2194,2242,2100,40,-7,-31,0
2207,2246,2091,27,20,-26,0
2207,2228,2099,-2,26,-32,0
2171,2236,2108,0,-3,-41,0
2165,2258,2078,12,-16,-33,0
2167,2237,2120,3,-16,-20,0
2165,2244,2115,11,18,-23,0
2171,2235,2117,30,3,-25,0
2196,2258,2126,38,13,-25,0
2166,2255,2116,18,-3,-47,0
2161,2212,2100,6,20,-36,0
2169,2222,2111,35,11,-36,0
2169,2228,2107,30,-25,-29,0
2157,2227,2116,37,-6,-37,0
2175,2236,2091,19,4,-32,0
2158,2236,2057,5,15,-22,0
2163,2236,2092,3,-14,-19,0
2174,2242,2073,-1,5,-34,0
2166,2230,2082,31,14,-14,0
2182,2231,2091,30,12,-25,0
2163,2200,2074,13,-15,-43,0
2158,2210,2087,21,-5,-22,0
2181,2235,2059,18,22,-21,0
2165,2235,2082,60,8,-37,0
2165,2230,2066,35,-9,-14,0
2148,2225,2089,9,-2,-35,0
2159,2242,2101,-21,8,-18,0
2145,2234,2093,26,13,-17,0
2157,2242,2088,28,-23,-35,0
2173,2236,2083,-14,-7,-38,0
2183,2249,2096,4,11,-23,0
2190,2254,2092,47,10,-37,0
2183,2246,2102,8,19,-29,0
2175,2217,2108,-7,-1,-23,0
2174,2230,2118,8,-2,-34,0
2152,2252,2110,36,8,-33,0
2172,2245,2098,3,-2,-29,0
2187,2248,2070,-2,21,-20,0
2170,2240,2075,27,-10,-32,0
2174,2263,2090,33,-10,-16,0
2197,2244,2100,33,15,-43,0
2196,2217,2064,41,-2,-47,0
2173,2222,2076,18,-19,-23,0
2180,2226,2117,3,0,-24,0
2172,2211,2103,-8,0,-25,0
2182,2233,2115,12,12,-43,0
2162,2246,2102,28,-11,-34,0
2173,2241,2107,39,-20,-38,0
2182,2239,2115,24,8,-34,0
2174,2261,2124,-5,11,-8,0
2182,2234,2088,-5,16,-11,0
2178,2264,2102,5,-4,-34,0
2174,2256,2111,37,-1,-10,0
2167,2264,2086,14,3,-28,0
2162,2246,2088,-19,5,-13,0
2164,2247,2071,32,13,-33,0
2155,2264,2090,15,-1,-24,0
2168,2254,2064,-14,-12,-30,0
2155,2243,2071,1,6,-29,0
2163,2243,2053,50,-1,-35,0
2163,2247,2073,15,-4,-23,0
2170,2256,2064,8,0,-25,0
2157,2249,2065,38,23,-31,0
2163,2251,2055,7,11,-38,0
2185,2252,2059,-4,-21,-27,0
2190,2237,2058,31,-26,-30,0
2185,2269,2063,25,28,-17,0
2169,2255,2064,-9,-11,-33,0
2157,2234,2058,11,-2,-13,0
2147,2247,2056,38,6,-31,0
2165,2225,2091,9,21,-21,0
2166,2224,2088,3,2,-32,0
2174,2243,2092,33,-8,-26,0
2174,2223,2103,12,7,-32,0
2176,2235,2097,-6,-5,-37,0
2185,2229,2109,28,-3,-27,0
2192,2246,2103,0,-11,-23,0
2182,2249,2092,0,-20,-28,0
2176,2225,2107,49,19,-24,0
2180,2237,2091,3,-1,-26,0
2178,2240,2078,20,-17,-16,0
2181,2245,2077,36,6,-13,0
2186,2239,2082,1,4,-13,0
2200,2234,2079,-2,4,-24,0
2181,2230,2072,40,6,-24,0
2173,2219,2081,2,2,-10,0
2185,2222,2079,5,13,-27,0
2187,2243,2084,38,0,-35,0
2200,2216,2068,-11,0,-11,0
2172,2224,2067,13,-4,-22,0
2170,2219,2069,14,10,-24,0
2153,2225,2087,3,6,-24,0
2178,2227,2083,26,7,-24,0
2171,2229,2075,-4,-14,-29,0
2138,2247,2087,19,-8,-38,0
2158,2225,2079,3,14,-8,0
2147,2220,2071,13,-24,-38,0
2151,2207,2066,28,-22,-35,0
2160,2234,2079,5,-3,-4,0
2165,2218,2102,-5,-8,-28,0
2164,2229,2102,23,1,0,0
2165,2225,2089,-10,-3,-16,0
2167,2220,2073,36,-12,-29,0
2171,2211,2074,0,5,-2,0
2162,2228,2072,11,0,-44,0
2162,2237,2077,6,-12,-14,0
2159,2243,2078,12,2,-27,0
2172,2241,2081,-5,7,-27,0
2143,2252,2090,-2,-5,-27,0
2167,2242,2085,30,-12,-26,0
2158,2234,2099,-20,9,-14,0
2171,2229,2102,39,4,-22,0
2158,2220,2109,4,9,-16,0
2149,2246,2089,-2,-22,-33,0
2178,2235,2080,31,4,-28,0
2162,2242,2071,16,4,-20,0
2175,2247,2062,3,1,-20,0
2200,2234,2074,30,2,-22,0
2210,2261,2073,-14,16,-20,0
2194,2258,2091,16,4,-15,0
2171,2245,2073,9,-3,-23,0
2179,2262,2060,14,-7,-13,0
2178,2257,2043,10,-1,-3,0
2180,2250,2062,0,12,-5,0
2166,2255,2064,34,21,-3,0
2156,2252,2072,-18,-4,-7,0
2178,2283,2081,40,-5,-18,0
2191,2254,2082,-5,-5,-30,0
2186,2242,2088,13,11,-23,0
2177,2227,2063,-7,-13,-10,0
2188,2228,2090,33,-10,-30,0
2207,2221,2084,-23,10,-23,0
2193,2220,2090,33,0,-22,0
2187,2239,2089,7,-9,-13,0
2178,2238,2079,19,2,-27,0
2171,2234,2065,-18,-4,-18,0
2189,2248,2071,4,21,-17,0
2180,2259,2090,4,2,-13,0
2176,2254,2099,18,-12,-27,0
2184,2256,2057,-4,-16,-19,0
2159,2255,2075,7,6,-30,0
2166,2246,2063,12,-14,-10,0
2165,2246,2075,9,-12,-29,0
2152,2255,2038,15,8,-18,0
2174,2267,2036,-9,12,-22,0
2178,2266,2061,17,4,-35,0
2193,2279,2055,9,-19,-22,0
2170,2265,2063,19,-8,-26,0
2173,2251,2072,-14,12,-19,0
2183,2265,2064,41,7,-16,0
2187,2258,2080,6,5,-11,0
2193,2249,2071,6,-5,-26,0
2190,2248,2057,-4,-9,-9,0
2194,2248,2074,31,-4,-13,0
2202,2250,2075,-8,18,-25,0
2192,2250,2090,20,23,-19,0
2182,2244,2080,4,-10,-13,0
2179,2240,2061,-7,-3,-28,0
2193,2255,2077,28,22,-3,0
2194,2258,2077,-17,16,-18,0
2206,2246,2093,28,-14,-21,0
2191,2233,2089,-8,-8,-20,0
2171,2243,2081,30,7,-30,0
2176,2242,2107,-15,0,-5,0
2181,2258,2081,16,-3,-15,0
2184,2259,2079,12,4,-28,0
2201,2242,2084,34,7,-26,0
2210,2252,2073,-9,-7,-18,0
2193,2266,2084,16,-1,-30,0
2207,2241,2085,23,6,-9,0
2218,2223,2093,12,10,-34,0
2212,2210,2095,29,-17,-11,0
2204,2211,2088,-22,-29,-30,0
2186,2229,2088,30,18,-17,0
2189,2217,2085,1,4,-15,0
2201,2212,2092,37,5,-20,0
2179,2196,2090,-25,8,-20,0
2196,2206,2073,8,23,-7,0
2161,2227,2061,0,-2,-10,0
2176,2235,2079,14,-15,-19,0
2194,2230,2084,-5,-1,-6,0
2178,2215,2056,21,3,-20,0
2185,2239,2063,-2,7,-5,0
2194,2224,2079,8,-3,-21,0
2179,2238,2068,19,0,-32,0
2170,2238,2071,-23,11,-29,0
2174,2235,2093,37,26,-14,0
2176,2240,2086,4,9,-12,0
2170,2229,2061,-6,-21,-15,0
2165,2267,2077,5,-5,-30,0
2171,2262,2079,-24,17,-18,0
2158,2258,2064,25,21,-18,0
2172,2248,2071,0,9,-21,0
2146,2256,2075,-3,-6,-30,0
2154,2249,2107,28,8,-17,0
2147,2245,2102,-16,13,-23,0
2169,2269,2065,25,-6,-20,0
2161,2276,2075,-7,-21,-26,0
2151,2263,2079,-11,25,-6,0
2144,2268,2067,16,20,-18,0
2142,2270,2070,6,4,-34,0
2180,2269,2068,28,-18,-18,0
2150,2257,2070,-3,-5,-8,0
2169,2253,2073,-10,27,-18,0
2166,2255,2103,28,16,-3,0
2169,2234,2096,5,2,-20,0
2167,2210,2071,-8,-10,-18,0
2162,2231,2081,39,9,2,0
2177,2235,2079,-29,-2,-12,0
2196,2232,2086,11,-7,-12,0
2186,2252,2067,20,12,-26,0
2175,2248,2089,-17,4,-24,0
2162,2239,2092,37,-10,-24,0
2153,2217,2075,4,1,2,0
2158,2255,2077,-15,9,-24,0
2167,2251,2101,24,18,-4,0
2148,2231,2093,0,3,-24,0
2149,2210,2115,-13,-2,-26,0
2169,2227,2078,38,-12,-16,0
2173,2228,2100,-2,13,-20,0
2160,2227,2080,-11,-5,-32,0
2201,2221,2100,28,4,-6,0
2178,2221,2111,3,-4,-9,0
2177,2213,2095,-12,-2,-20,0
2172,2209,2100,23,-11,-13,0
2148,2211,2081,5,-3,-38,0
2169,2204,2098,-14,5,-7,0
2164,2200,2117,22,0,-16,0
2186,2203,2104,14,2,-11,0
2184,2198,2110,-15,-5,-5,0
2174,2210,2129,19,5,-21,0
2178,2226,2123,11,13,-16,0
2205,2218,2108,-30,-9,-14,0
2213,2222,2119,11,-14,-20,0
2185,2221,2106,37,2,-21,0
2172,2217,2109,-17,9,-16,0
2181,2205,2105,-3,-7,-14,0
2188,2211,2092,12,-21,-15,0
2184,2233,2088,14,5,0,0
2190,2233,2095,-20,24,-14,0
2172,2237,2097,-5,-1,-26,0
2186,2239,2115,-8,0,-39,0
2171,2251,2120,12,-6,-25,0
2181,2232,2086,32,15,-9,0
2176,2245,2097,-29,-8,-25,0
2185,2280,2083,11,-20,-20,0
2175,2270,2098,24,5,-20,0
2186,2238,2080,-15,12,-20,0
2183,2258,2106,-8,-5,-11,0
2182,2250,2085,36,0,-24,0
2197,2250,2085,-2,-17,-6,0
2176,2256,2095,-32,15,-5,0
2188,2246,2094,-1,-8,-21,0
2178,2248,2074,37,-5,-13,0
2188,2243,2069,-2,18,-9,0
2164,2245,2059,-26,10,-24,0
2177,2259,2064,26,0,-11,0
2191,2247,2075,11,0,-19,0
2181,2245,2066,-31,16,-5,0
2185,2259,2068,1,2,0,0
2187,2246,2065,28,2,-22,0
2162,2249,2075,-9,0,-9,0
2165,2248,2066,-19,1,-24,0
2150,2255,2069,-4,5,-28,0
2177,2257,2071,19,12,-2,0
2164,2256,2071,-11,0,-25,0
2153,2255,2071,-19,8,-10,0
2142,2269,2076,11,5,-6,0
2169,2248,2072,18,-3,-4,0
2192,2256,2060,-12,-22,-30,0
2184,2243,2072,-28,-3,-22,0
2162,2252,2076,11,-4,-21,0
2162,2215,2081,17,18,-33,0
2186,2237,2082,-2,31,-11,0
2173,2228,2104,-30,5,-12,0
2173,2238,2076,24,-23,-7,0
2169,2223,2075,18,10,-8,0
2145,2234,2092,-18,8,-4,0
2158,2239,2079,13,17,0,0
2169,2238,2080,33,-9,0,0
2167,2233,2096,-14,-14,-12,0
2167,2238,2097,-14,9,-21,0
2185,2223,2103,8,5,-4,0
2167,2256,2115,9,2,-10,0
2166,2245,2084,-8,-7,-3,0
2190,2237,2086,-22,7,-25,0
2149,2237,2082,17,-1,-6,0
2141,2223,2083,12,-7,-23,0
2162,2218,2077,-13,7,-20,0
2183,2236,2095,-13,6,-15,0
2173,2244,2101,30,3,-34,0
2175,2248,2101,8,-12,-9,0
2176,2251,2071,-24,8,5,0
2178,2260,2085,-27,6,-19,0
2182,2275,2056,33,16,-18,0
2198,2247,2078,0,-13,-15,0
2178,2260,2085,0,-6,-15,0
2181,2266,2098,24,5,-4,0
2184,2253,2092,0,0,-17,0
2183,2256,2103,-13,-5,-8,0
2191,2247,2092,34,9,0,0
2171,2232,2096,-9,-7,-23,0
2178,2215,2086,-21,12,-32,0
2187,2221,2084,1,-6,-19,0
2182,2224,2099,14,-25,-15,0
2179,2215,2081,18,15,-1,0
2173,2213,2081,-4,19,-10,0
2177,2250,2101,25,5,-16,0
2207,2248,2111,26,-7,-13,0
2199,2231,2093,5,9,-10,0
2204,2230,2116,-19,16,0,0
2203,2229,2086,-29,0,-19,0
2188,2230,2060,3,-14,-23,0
2194,2214,2071,12,3,-5,0
2202,2218,2091,2,3,-9,0
2199,2215,2094,-8,1,-12,0
2183,2216,2073,-28,-13,-9,0
2204,2225,2084,-4,0,-6,0
2182,2224,2114,20,-1,-1,0
2200,2237,2095,16,-7,8,0
2200,2223,2085,-11,-9,1,0
2211,2240,2102,-19,-14,-4,0
2181,2228,2112,-9,9,-15,0
2193,2225,2094,21,16,-6,0
2191,2239,2058,10,8,-23,0
2177,2226,2089,4,-15,-3,0
2184,2224,2091,-25,-1,-5,0
2171,2205,2113,-9,16,2,0
2172,2205,2096,7,-18,-23,0
2181,2218,2110,29,-15,-18,0
2189,2207,2102,8,-3,-22,0
2185,2211,2109,3,20,-9,0
2191,2220,2110,-16,7,-26,0
2179,2223,2109,-8,-12,2,0
2175,2222,2122,21,-9,-28,0
2187,2225,2083,24,8,11,0
2182,2229,2088,-1,12,-19,0
2180,2241,2087,-9,-9,-17,0
2182,2230,2086,-19,-21,-7,0
2182,2240,2099,2,10,-14,0
2179,2243,2100,19,18,-4,0
2168,2256,2105,9,1,-31,0
2167,2249,2105,7,-5,-23,0
2175,2236,2092,-3,9,-21,0
2182,2224,2095,-35,-2,-22,0
2180,2245,2082,-22,-15,-18,0
2153,2234,2077,11,7,-21,0
2143,2227,2099,13,11,-9,0
2150,2217,2090,23,-13,-12,0
2142,2221,2093,-7,-5,2,0
2167,2226,2082,-23,-4,-10,0
2174,2233,2088,-19,3,3,0
2176,2248,2104,-34,-15,-8,0
2189,2239,2086,0,-14,-8,0
2181,2216,2088,2,7,13,0
2207,2230,2093,22,16,-13,0
2191,2210,2075,13,-13,4,0
2173,2235,2079,13,-14,-12,0
2175,2226,2083,16,5,-7,0
2170,2244,2075,2,7,-7,0
2165,2227,2089,-2,15,-16,0
2168,2226,2072,-10,-6,-18,0
2160,2221,2080,-11,-11,-14,0
2159,2217,2071,-27,4,-16,0
2149,2233,2104,-27,-2,-6,0
2159,2221,2090,-11,1,2,0
2160,2234,2083,29,-12,-10,0
2168,2236,2076,17,-7,-1,0
2168,2215,2070,14,31,-16,0
2177,2209,2065,-2,-11,-5,0
2154,2213,2081,-10,-7,-6,0
2167,2237,2087,0,-4,-21,0
2141,2231,2102,31,-1,9,0
2153,2242,2081,20,15,-8,0
2155,2228,2085,10,-2,-17,0
2162,2222,2081,1,-7,0,0
2164,2218,2077,-9,20,-3,0
2174,2207,2058,-27,16,-14,0
2167,2233,2080,-24,2,0,0
2179,2237,2075,-21,-1,2,0
2169,2225,2113,15,0,-6,0
2171,2211,2117,12,10,-9,0
2180,2237,2108,24,-7,-14,0
2189,2236,2067,21,2,26,0
2173,2246,2069,-12,4,-2,0
2168,2236,2081,-4,9,-9,0
2167,2242,2070,-2,-4,-5,0
2181,2226,2070,0,-5,-8,0
2184,2230,2072,-1,0,-10,0
2176,2246,2071,7,31,-11,0
2171,2237,2060,-15,9,-14,0
2180,2257,2079,8,-12,-3,0
2188,2250,2075,-22,-3,-3,0
2158,2258,2086,-16,17,-12,0
2161,2254,2072,-19,-7,-19,0
2175,2245,2074,-18,-14,-5,0
2186,2246,2078,-32,8,-16,0
2186,2231,2081,-10,28,-1,0
2170,2210,2085,-26,-3,9,0
2167,2219,2075,-5,-10,4,0
2171,2239,2072,0,-3,-26,0
2166,2240,2090,20,14,-5,0
2138,2264,2098,17,5,-13,0
2139,2271,2094,27,-5,-3,0
2147,2238,2076,24,-24,-16,0
2166,2225,2106,4,-4,-8,0
2161,2215,2103,19,0,-11,0
2177,2213,2107,9,5,-22,0
2175,2227,2094,5,0,-16,0
2176,2235,2099,-5,-4,-18,0
2195,2242,2099,-5,-6,-3,0
2152,2226,2075,-29,-13,-5,0
2154,2238,2074,-29,10,-8,0
2163,2226,2087,-21,-1,3,0
2166,2244,2087,-24,-15,-11,0
2144,2271,2084,-42,2,-1,0
2160,2250,2078,-21,3,7,0
2178,2252,2098,-32,14,-6,0
2155,2232,2090,0,0,-15,0
2170,2241,2088,-23,-3,-27,0
2156,2249,2079,3,-9,-14,0
2181,2237,2071,13,4,-16,0
2177,2233,2096,26,8,-33,0
2153,2224,2081,17,0,-17,0
2165,2238,2091,-8,-12,-19,0
2169,2248,2088,-23,4,-31,0
2177,2235,2089,-11,18,-16,0
2176,2251,2100,-29,3,-23,0
2177,2249,2109,-15,-15,-6,0
2193,2248,2109,20,-12,-17,0
2186,2251,2104,21,11,-6,0
2173,2266,2090,10,-1,-3,0
2196,2227,2077,23,-5,18,0
2178,2247,2082,-5,-6,-1,0
2191,2238,2099,-42,17,25,0
2224,2233,2090,-21,-10,-21,0
2194,2218,2084,-18,-5,-4,0
2186,2218,2094,-5,10,12,0
2180,2219,2112,-11,14,1,0
2145,2222,2104,-6,-18,-13,0
2171,2245,2099,-16,-7,-9,0
2181,2213,2122,-10,3,-8,0
2166,2218,2119,-24,4,-3,0
2157,2226,2128,2,3,11,0
2161,2219,2132,3,-21,13,0
2172,2229,2129,2,6,-14,0
2161,2242,2106,2,-10,-10,0
2162,2247,2109,10,9,0,0
2164,2228,2109,-3,-7,-4,0
2166,2232,2105,5,-6,-5,0
2174,2215,2077,7,-1,11,0
2186,2215,2083,-12,7,10,0
2199,2238,2099,-7,5,-10,0
2188,2245,2082,12,-3,-12,0
2189,2226,2107,-8,1,17,0
2168,2220,2098,26,0,-4,0
2185,2215,2116,29,-32,-4,0
2182,2221,2092,7,-3,-16,0
2176,2229,2101,18,-4,-4,0
2193,2228,2080,1,7,0,0
2181,2211,2078,5,1,-5,0
2190,2213,2090,-9,1,-7,0
2197,2251,2076,-14,6,-2,0
2190,2247,2076,-29,3,11,0
2195,2254,2076,-27,0,-4,0
2165,2255,2084,-34,-1,-10,0
2166,2264,2107,-25,10,0,0
2178,2248,2097,-14,5,-6,0
2174,2241,2073,0,0,6,0
2163,2247,2076,0,-10,-3,0
2158,2259,2064,12,26,-23,0
2177,2258,2052,20,18,-1,0
2177,2254,2050,21,5,-24,0
2156,2259,2038,25,-12,1,0
2164,2270,2063,14,-15,3,0
2165,2262,2076,18,-6,-9,0
2170,2262,2097,13,0,0,0
2149,2275,2101,-1,1,-14,0
2139,2252,2082,-22,11,-13,0
2147,2261,2076,-17,8,-5,0
2158,2248,2070,-48,-25,7,0
2181,2248,2082,-21,-24,-15,0
2154,2252,2098,-22,5,-19,0
2150,2256,2093,-20,18,-9,0
2160,2243,2084,10,-10,13,0
2171,2239,2088,11,-1,-15,0
2160,2241,2078,13,-2,0,0
2153,2240,2074,-3,2,0,0
2158,2205,2065,-7,-9,4,0
2150,2222,2074,-33,-14,4,0
2148,2254,2073,-28,-10,2,0
2161,2249,2053,-31,11,-10,0
2164,2242,2053,-22,15,5,0
2151,2247,2077,0,15,-7,0
2168,2288,2072,18,-12,2,0
2159,2276,2068,15,-12,-3,0
2188,2239,2068,13,4,-12,0
2184,2249,2083,20,6,-8,0
2180,2244,2068,14,2,-1,0
2160,2250,2089,0,-29,0,0
2154,2247,2109,-3,-16,-9,0
2163,2246,2099,4,-5,-16,0
2152,2234,2095,-19,9,10,0
2156,2233,2097,-24,-18,19,0
2153,2245,2083,-18,-13,2,0
2142,2232,2089,-26,3,9,0
2165,2250,2096,-7,5,2,0
2176,2255,2081,-1,-20,-21,0
2168,2257,2093,0,-2,-9,0
2175,2250,2088,13,-2,-14,0
2151,2244,2076,-1,21,-28,0
2161,2235,2058,-10,6,-6,0
2167,2226,2092,-21,-5,0,0
2170,2260,2097,-38,-15,4,0
2170,2261,2109,-27,2,0,0
2174,2238,2095,-22,-8,-12,0
2174,2247,2094,-7,-12,14,0
2185,2224,2092,18,13,-4,0
2184,2229,2083,18,9,0,0
2171,2239,2076,2,-21,16,0
2183,2244,2086,-29,11,1,0
2170,2253,2081,-40,5,-8,0
2159,2248,2088,-53,18,0,0
2168,2256,2073,-36,17,-3,0
2170,2244,2078,-27,-41,-9,0
2181,2230,2090,-7,-9,0,0
2178,2258,2092,3,20,13,0
2184,2267,2077,15,6,-12,0
2201,2271,2088,11,-3,1,0
2169,2275,2088,-13,-1,0,0
2186,2251,2085,-18,18,-17,0
2193,2243,2069,-21,-19,11,0
2193,2246,2071,-29,0,2,0
2171,2246,2077,-21,-23,11,0
2160,2250,2083,-1,10,8,0
2151,2266,2078,19,22,8,0
2158,2240,2078,15,0,-5,0
2174,2237,2084,15,-8,-4,0
2172,2243,2075,-21,4,0,0
2182,2246,2055,-10,2,-8,0
2186,2233,2071,-37,-12,-6,0
2179,2220,2097,-30,-16,7,0
2173,2227,2099,-31,-10,-12,0
2153,2220,2093,-9,12,4,0
2135,2232,2089,11,11,0,0
2162,2229,2093,-3,13,-19,0
2172,2243,2090,-1,-6,-3,0
2150,2234,2078,-41,15,5,0
2151,2230,2095,-33,19,-9,0
2170,2246,2087,-13,11,-2,0
2173,2252,2072,-35,-9,2,0
2173,2254,2115,-18,0,-1,0
2202,2251,2094,-6,20,0,0
2201,2253,2083,-26,26,-13,0
2197,2257,2103,8,0,-5,0
2175,2236,2088,-3,-14,-13,0
2181,2234,2083,8,21,-7,0
2166,2228,2095,19,13,13,0
2174,2236,2098,21,0,-5,0
2182,2237,2085,4,-17,6,0
2167,2237,2096,-33,1,-2,0
2180,2257,2112,-17,2,20,0
2168,2244,2092,17,-4,-14,0
2171,2235,2094,-38,-9,4,0
2177,2251,2086,-39,2,-6,0
2189,2239,2083,-9,6,-12,0
2206,2242,2085,8,-4,19,0
2214,2225,2092,12,1,-2,0
2214,2234,2085,-7,0,-18,0
2188,2242,2077,-40,-1,3,0
2184,2215,2093,-20,22,10,0
2195,2210,2059,0,-3,-2,0
2202,2219,2075,11,3,1,0
2215,2247,2080,-1,-13,-15,0
2212,2236,2093,-15,17,6,0
2205,2230,2093,-28,28,0,0
2211,2211,2070,-22,-10,-6,0
2207,2209,2069,1,-12,9,0
2184,2229,2070,12,14,-9,0
2199,2211,2073,2,28,-4,0
2165,2231,2081,-20,10,11,0
2160,2241,2078,-39,0,3,0
2167,2252,2091,-8,9,-2,0
2169,2223,2078,4,-20,7,0
2179,2238,2105,1,-7,-19,0
2169,2243,2113,-14,-8,9,0
2157,2238,2092,-28,11,7,0
2171,2260,2109,-19,0,-13,0
2174,2240,2100,-4,-16,-2,0
2166,2239,2098,4,-6,7,0
2177,2252,2099,-16,3,-6,0
2187,2247,2103,-24,0,-1,0
2203,2238,2084,-29,-8,0,0
2191,2233,2071,0,-22,-3,0
2212,2219,2076,19,-4,-6,0
2197,2220,2079,-12,5,10,0
2202,2231,2081,-42,0,-15,0
2226,2249,2073,-30,-8,11,0
2212,2246,2070,16,11,-5,0
2201,2256,2068,-2,8,-7,0
2195,2273,2067,-36,-6,5,0
2184,2231,2061,-29,-11,0,0
2183,2230,2054,-4,4,-8,0
2166,2243,2092,8,-7,-2,0
2185,2240,2055,-10,-3,-5,0
2191,2233,2074,-38,26,-6,0
2176,2233,2086,-27,3,0,0
2197,2228,2084,10,-15,-7,0
2184,2229,2070,7,-8,4,0
2194,2228,2064,-12,3,3,0
2208,2247,2079,-41,-2,6,0
2202,2253,2079,-14,0,-1,0
2190,2258,2094,1,-17,19,0
2190,2245,2067,-14,28,-1,0
2184,2252,2082,-34,-16,-1,0
2181,2232,2088,-27,-11,-5,0
2192,2238,2082,1,29,4,0
2193,2236,2071,16,10,3,0
2183,2237,2075,-40,-12,6,0
2181,2228,2081,-34,4,3,0
2190,2228,2074,-11,0,-3,0
2196,2231,2070,11,-19,-6,0
2203,2241,2102,-10,1,4,0
2196,2250,2120,-32,-14,-14,0
2185,2266,2116,-31,16,-12,0
2198,2251,2114,-20,-10,-2,0
2207,2247,2104,-21,-8,2,0
2189,2286,2108,-8,-7,14,0
2201,2266,2086,7,4,-3,0
2193,2261,2108,-16,12,4,0
2198,2241,2084,-45,-2,3,0
2212,2241,2086,-21,-6,-16,0
2191,2239,2076,0,-14,8,0
2187,2216,2093,0,16,8,0
2196,2244,2080,-16,10,17,0
2172,2233,2063,-40,-5,1,0
2186,2224,2060,-5,0,-9,0
2183,2226,2073,15,-3,9,0
2195,2233,2075,-16,-16,0,0
2186,2235,2096,-23,-2,0,0
2167,2247,2083,-9,0,0,0
2175,2243,2058,9,3,-17,0
2176,2241,2090,-31,-3,-6,0
2168,2228,2079,-41,-21,13,0
2167,2233,2054,-4,0,-5,0
2193,2227,2073,13,8,1,0
2182,2225,2103,-38,2,0,0
2183,2221,2103,-25,-31,3,0
2163,2245,2094,7,-5,5,0
2182,2244,2098,2,11,15,0
2163,2251,2114,-37,6,-6,0
2174,2235,2112,-43,-6,10,0
2175,2240,2109,-7,6,10,0
2177,2224,2117,3,26,-6,0
2161,2223,2095,-38,9,5,0
2166,2228,2098,-47,8,-4,0
2192,2240,2100,-1,-26,2,0
2204,2234,2112,17,-10,6,0
2168,2247,2097,9,10,14,0
2165,2248,2080,-41,11,8,0
2183,2253,2113,-30,6,6,0
2176,2245,2102,11,-7,19,0
2171,2250,2089,-1,0,-19,0
2163,2258,2083,-15,10,0,0
2162,2249,2082,-37,9,-4,0
2149,2266,2081,-4,-5,3,0
2179,2277,2071,2,-19,-13,0
2175,2253,2079,-24,1,2,0
2188,2243,2084,-27,9,-2,0
2198,2247,2092,-29,-8,-15,0
2198,2230,2094,22,1,7,0
2206,2225,2085,-16,27,10,0
2195,2240,2088,-36,-13,2,0
2180,2231,2092,-12,1,-20,0
2193,2242,2122,1,5,28,0
2196,2223,2092,-18,1,3,0
2186,2219,2086,-36,1,3,0
2186,2233,2091,-28,0,-17,0
2187,2244,2090,-2,-9,-9,0
2201,2267,2092,11,17,0,0
2183,2240,2076,-17,-10,8,0
2191,2231,2076,-26,-7,-10,0
2202,2219,2083,-28,5,0,0
2192,2209,2107,4,21,-8,0
2182,2218,2074,10,-3,4,0
2209,2216,2081,-31,3,10,0
2202,2219,2093,-34,5,-17,0
2193,2242,2079,-10,8,2,0
2187,2246,2072,-18,7,26,0
2169,2251,2074,-25,-26,9,0
2166,2253,2059,-22,-14,4,0
2193,2253,2071,-10,5,9,0
2191,2271,2053,2,13,-4,0
2188,2257,2073,-13,0,-20,0
2198,2257,2097,-46,-12,9,0
2185,2249,2087,-7,-4,-4,0
2149,2258,2108,4,27,0,0
2162,2249,2100,-50,-4,1,0
2168,2243,2098,-6,-16,2,0
2148,2239,2077,0,-16,21,0
2158,2246,2079,-38,12,1,0
2150,2267,2097,-21,-11,-6,0
2166,2258,2106,14,-1,-1,0
2167,2247,2077,-39,9,7,0
2170,2249,2086,-26,16,10,0
2157,2268,2086,2,-11,1,0
2171,2274,2080,-17,-10,-5,0
2160,2280,2091,-30,7,7,0
2162,2278,2090,-2,0,-9,0
2176,2261,2108,3,-15,6,0
2173,2264,2094,-21,-8,12,0
2177,2275,2093,-33,4,5,0
2175,2260,2094,10,0,3,0
2162,2259,2096,-41,-22,-3,0
2182,2254,2094,-26,-3,-7,0
2198,2241,2109,12,-3,15,0
2186,2255,2123,-23,-8,0,0
2208,2246,2116,-41,0,0,0
2191,2255,2104,0,-9,10,0
2170,2225,2078,3,17,-7,0
2185,2241,2070,-34,-1,13,0
2179,2244,2077,-3,-16,-3,0
2167,2242,2094,-4,2,-7,0
2178,2239,2119,-44,2,-14,0
2152,2236,2105,-24,14,21,0
2157,2237,2121,-3,6,-5,0
2165,2231,2116,-50,-10,3,0
2158,2221,2104,-17,0,0,0
2160,2223,2108,3,-4,26,0
2130,2221,2095,-10,25,0,0
2146,2206,2101,-38,4,6,0
2167,2216,2100,-32,2,1,0
2157,2239,2104,18,-28,1,0
2146,2251,2099,-7,-11,-3,0
2157,2243,2101,-51,27,10,0
2141,2232,2109,0,1,-1,0
2161,2250,2098,-1,0,4,0
2171,2241,2108,-32,9,21,0
2190,2245,2091,2,13,4,0
2204,2230,2105,6,-8,4,0
2195,2258,2097,-35,-24,5,0
2170,2257,2105,-17,-19,13,0
2184,2244,2092,1,16,-2,0
2164,2246,2108,-52,12,-1,0
2164,2237,2112,2,-1,17,0
2186,2226,2105,-36,-6,9,0
2171,2248,2110,-20,-1,-6,0
2171,2245,2123,1,1,12,0
2183,2234,2103,-34,-6,16,0
2164,2244,2090,-16,-4,-4,0
2175,2245,2088,-8,13,5,0
2195,2236,2097,-19,-3,-13,0
2189,2265,2102,-21,-4,1,0
2193,2257,2100,-19,-4,14,0
2205,2280,2092,3,8,-11,0
